,#bin,chrom,chromStart,chromEnd,name,length,cpgNum,gcNum,perCpg,perGc,obsExp,Site,DistCpGIsland,Type
14317,1268,chr10,89621772,89624128,CpG: 171,2356,171,1369,14.5,58.1,0.86,89619506,2266,CpG shelf
14317,1268,chr10,89621772,89624128,CpG: 171,2356,171,1369,14.5,58.1,0.86,89619510,2262,CpG shelf
14317,1268,chr10,89621772,89624128,CpG: 171,2356,171,1369,14.5,58.1,0.86,89619512,2260,CpG shelf
14317,1268,chr10,89621772,89624128,CpG: 171,2356,171,1369,14.5,58.1,0.86,89619522,2250,CpG shelf
14317,1268,chr10,89621772,89624128,CpG: 171,2356,171,1369,14.5,58.1,0.86,89619550,2222,CpG shelf
14317,1268,chr10,89621772,89624128,CpG: 171,2356,171,1369,14.5,58.1,0.86,89619555,2217,CpG shelf
14317,1268,chr10,89621772,89624128,CpG: 171,2356,171,1369,14.5,58.1,0.86,89619566,2206,CpG shelf
14317,1268,chr10,89621772,89624128,CpG: 171,2356,171,1369,14.5,58.1,0.86,89619580,2192,CpG shelf
15254,757,chr11,22646706,22647441,CpG: 61,735,61,468,16.6,63.7,0.82,22647545,104,CpG shore
15254,757,chr11,22646706,22647441,CpG: 61,735,61,468,16.6,63.7,0.82,22647600,159,CpG shore
15254,757,chr11,22646706,22647441,CpG: 61,735,61,468,16.6,63.7,0.82,22647610,169,CpG shore
15254,757,chr11,22646706,22647441,CpG: 61,735,61,468,16.6,63.7,0.82,22647618,177,CpG shore
15254,757,chr11,22646706,22647441,CpG: 61,735,61,468,16.6,63.7,0.82,22647622,181,CpG shore
15254,757,chr11,22646706,22647441,CpG: 61,735,61,468,16.6,63.7,0.82,22647643,202,CpG shore
15254,757,chr11,22646706,22647441,CpG: 61,735,61,468,16.6,63.7,0.82,22647649,208,CpG shore
15254,757,chr11,22646706,22647441,CpG: 61,735,61,468,16.6,63.7,0.82,22647651,210,CpG shore
15254,757,chr11,22646706,22647441,CpG: 61,735,61,468,16.6,63.7,0.82,22647661,220,CpG shore
15254,757,chr11,22646706,22647441,CpG: 61,735,61,468,16.6,63.7,0.82,22647745,304,CpG shore
15254,757,chr11,22646706,22647441,CpG: 61,735,61,468,16.6,63.7,0.82,22647764,323,CpG shore
15254,757,chr11,22646706,22647441,CpG: 61,735,61,468,16.6,63.7,0.82,22647774,333,CpG shore
16019,1409,chr11,108093211,108093969,CpG: 75,758,75,468,19.8,61.7,1.05,108093323,-,CpG island
16019,1409,chr11,108093211,108093969,CpG: 75,758,75,468,19.8,61.7,1.05,108093335,-,CpG island
16019,1409,chr11,108093211,108093969,CpG: 75,758,75,468,19.8,61.7,1.05,108093338,-,CpG island
16019,1409,chr11,108093211,108093969,CpG: 75,758,75,468,19.8,61.7,1.05,108093359,-,CpG island
16019,1409,chr11,108093211,108093969,CpG: 75,758,75,468,19.8,61.7,1.05,108093371,-,CpG island
16019,1409,chr11,108093211,108093969,CpG: 75,758,75,468,19.8,61.7,1.05,108093373,-,CpG island
16019,1409,chr11,108093211,108093969,CpG: 75,758,75,468,19.8,61.7,1.05,108093386,-,CpG island
16019,1409,chr11,108093211,108093969,CpG: 75,758,75,468,19.8,61.7,1.05,108093395,-,CpG island
16019,1409,chr11,108093211,108093969,CpG: 75,758,75,468,19.8,61.7,1.05,108093402,-,CpG island
16019,1409,chr11,108093211,108093969,CpG: 75,758,75,468,19.8,61.7,1.05,108093413,-,CpG island
16019,1409,chr11,108093211,108093969,CpG: 75,758,75,468,19.8,61.7,1.05,108093419,-,CpG island
16019,1409,chr11,108093211,108093969,CpG: 75,758,75,468,19.8,61.7,1.05,108093436,-,CpG island
16019,1409,chr11,108093211,108093969,CpG: 75,758,75,468,19.8,61.7,1.05,108093439,-,CpG island
16019,1409,chr11,108093211,108093969,CpG: 75,758,75,468,19.8,61.7,1.05,108093451,-,CpG island
16019,1409,chr11,108093211,108093969,CpG: 75,758,75,468,19.8,61.7,1.05,108093457,-,CpG island
16019,1409,chr11,108093211,108093969,CpG: 75,758,75,468,19.8,61.7,1.05,108093461,-,CpG island
16019,1409,chr11,108093211,108093969,CpG: 75,758,75,468,19.8,61.7,1.05,108093467,-,CpG island
16019,1409,chr11,108093211,108093969,CpG: 75,758,75,468,19.8,61.7,1.05,108093476,-,CpG island
16019,1409,chr11,108093211,108093969,CpG: 75,758,75,468,19.8,61.7,1.05,108093485,-,CpG island
16019,1409,chr11,108093211,108093969,CpG: 75,758,75,468,19.8,61.7,1.05,108093505,-,CpG island
16019,1409,chr11,108093211,108093969,CpG: 75,758,75,468,19.8,61.7,1.05,108093520,-,CpG island
16019,1409,chr11,108093211,108093969,CpG: 75,758,75,468,19.8,61.7,1.05,108093529,-,CpG island
16019,1409,chr11,108093211,108093969,CpG: 75,758,75,468,19.8,61.7,1.05,108093532,-,CpG island
16019,1409,chr11,108093211,108093969,CpG: 75,758,75,468,19.8,61.7,1.05,108093538,-,CpG island
16019,1409,chr11,108093211,108093969,CpG: 75,758,75,468,19.8,61.7,1.05,108093560,-,CpG island
16019,1409,chr11,108093211,108093969,CpG: 75,758,75,468,19.8,61.7,1.05,108093567,-,CpG island
16019,1409,chr11,108093211,108093969,CpG: 75,758,75,468,19.8,61.7,1.05,108093572,-,CpG island
16019,1409,chr11,108093211,108093969,CpG: 75,758,75,468,19.8,61.7,1.05,108093579,-,CpG island
16019,1409,chr11,108093211,108093969,CpG: 75,758,75,468,19.8,61.7,1.05,108093584,-,CpG island
16019,1409,chr11,108093211,108093969,CpG: 75,758,75,468,19.8,61.7,1.05,108093590,-,CpG island
16019,1409,chr11,108093211,108093969,CpG: 75,758,75,468,19.8,61.7,1.05,108093598,-,CpG island
17633,835,chr13,32889533,32889900,CpG: 43,367,43,251,23.4,68.4,1.02,32889434,99,CpG shore
17633,835,chr13,32889533,32889900,CpG: 43,367,43,251,23.4,68.4,1.02,32889461,72,CpG shore
17633,835,chr13,32889533,32889900,CpG: 43,367,43,251,23.4,68.4,1.02,32889470,63,CpG shore
17633,835,chr13,32889533,32889900,CpG: 43,367,43,251,23.4,68.4,1.02,32889484,49,CpG shore
18270,932,chr14,45604969,45605475,CpG: 40,506,40,292,15.8,57.7,0.96,45604787,182,CpG shore
18270,932,chr14,45604969,45605475,CpG: 40,506,40,292,15.8,57.7,0.96,45604794,175,CpG shore
19520,1270,chr15,89786998,89787691,CpG: 63,693,63,437,18.2,63.1,0.92,89786999,-,CpG island
19520,1270,chr15,89786998,89787691,CpG: 63,693,63,437,18.2,63.1,0.92,89787007,-,CpG island
19520,1270,chr15,89786998,89787691,CpG: 63,693,63,437,18.2,63.1,0.92,89787009,-,CpG island
19520,1270,chr15,89786998,89787691,CpG: 63,693,63,437,18.2,63.1,0.92,89787018,-,CpG island
19520,1270,chr15,89786998,89787691,CpG: 63,693,63,437,18.2,63.1,0.92,89787032,-,CpG island
19520,1270,chr15,89786998,89787691,CpG: 63,693,63,437,18.2,63.1,0.92,89787034,-,CpG island
19520,1270,chr15,89786998,89787691,CpG: 63,693,63,437,18.2,63.1,0.92,89787036,-,CpG island
19520,1270,chr15,89786998,89787691,CpG: 63,693,63,437,18.2,63.1,0.92,89787045,-,CpG island
19520,1270,chr15,89786998,89787691,CpG: 63,693,63,437,18.2,63.1,0.92,89787048,-,CpG island
19520,1270,chr15,89786998,89787691,CpG: 63,693,63,437,18.2,63.1,0.92,89787058,-,CpG island
19520,1270,chr15,89786998,89787691,CpG: 63,693,63,437,18.2,63.1,0.92,89787060,-,CpG island
19520,1270,chr15,89786998,89787691,CpG: 63,693,63,437,18.2,63.1,0.92,89787066,-,CpG island
19520,1270,chr15,89786998,89787691,CpG: 63,693,63,437,18.2,63.1,0.92,89787077,-,CpG island
19520,1270,chr15,89786998,89787691,CpG: 63,693,63,437,18.2,63.1,0.92,89787087,-,CpG island
19520,1270,chr15,89786998,89787691,CpG: 63,693,63,437,18.2,63.1,0.92,89787103,-,CpG island
19520,1270,chr15,89786998,89787691,CpG: 63,693,63,437,18.2,63.1,0.92,89787109,-,CpG island
19520,1270,chr15,89786998,89787691,CpG: 63,693,63,437,18.2,63.1,0.92,89787113,-,CpG island
19520,1270,chr15,89786998,89787691,CpG: 63,693,63,437,18.2,63.1,0.92,89787120,-,CpG island
19520,1270,chr15,89786998,89787691,CpG: 63,693,63,437,18.2,63.1,0.92,89787150,-,CpG island
19520,1270,chr15,89786998,89787691,CpG: 63,693,63,437,18.2,63.1,0.92,89787154,-,CpG island
19520,1270,chr15,89786998,89787691,CpG: 63,693,63,437,18.2,63.1,0.92,89787164,-,CpG island
19520,1270,chr15,89786998,89787691,CpG: 63,693,63,437,18.2,63.1,0.92,89787168,-,CpG island
19520,1270,chr15,89786998,89787691,CpG: 63,693,63,437,18.2,63.1,0.92,89787171,-,CpG island
19520,1270,chr15,89786998,89787691,CpG: 63,693,63,437,18.2,63.1,0.92,89787182,-,CpG island
19520,1270,chr15,89786998,89787691,CpG: 63,693,63,437,18.2,63.1,0.92,89787184,-,CpG island
19520,1270,chr15,89786998,89787691,CpG: 63,693,63,437,18.2,63.1,0.92,89787190,-,CpG island
19520,1270,chr15,89786998,89787691,CpG: 63,693,63,437,18.2,63.1,0.92,89787205,-,CpG island
19520,1270,chr15,89786998,89787691,CpG: 63,693,63,437,18.2,63.1,0.92,89787212,-,CpG island
19520,1270,chr15,89786998,89787691,CpG: 63,693,63,437,18.2,63.1,0.92,89787223,-,CpG island
19520,1270,chr15,89786998,89787691,CpG: 63,693,63,437,18.2,63.1,0.92,89787226,-,CpG island
19520,1270,chr15,89786998,89787691,CpG: 63,693,63,437,18.2,63.1,0.92,89787238,-,CpG island
19520,1270,chr15,89786998,89787691,CpG: 63,693,63,437,18.2,63.1,0.92,89787260,-,CpG island
19520,1270,chr15,89786998,89787691,CpG: 63,693,63,437,18.2,63.1,0.92,89787272,-,CpG island
19520,1270,chr15,89786998,89787691,CpG: 63,693,63,437,18.2,63.1,0.92,89787288,-,CpG island
19520,1270,chr15,89786998,89787691,CpG: 63,693,63,437,18.2,63.1,0.92,89787293,-,CpG island
19520,1270,chr15,89786998,89787691,CpG: 63,693,63,437,18.2,63.1,0.92,89787295,-,CpG island
19520,1270,chr15,89786998,89787691,CpG: 63,693,63,437,18.2,63.1,0.92,89787304,-,CpG island
19520,1270,chr15,89786998,89787691,CpG: 63,693,63,437,18.2,63.1,0.92,89787335,-,CpG island
20275,765,chr16,23652387,23652918,CpG: 51,531,51,355,19.2,66.9,0.86,23652769,-,CpG island
20275,765,chr16,23652387,23652918,CpG: 51,531,51,355,19.2,66.9,0.86,23652783,-,CpG island
20275,765,chr16,23652387,23652918,CpG: 51,531,51,355,19.2,66.9,0.86,23652787,-,CpG island
20275,765,chr16,23652387,23652918,CpG: 51,531,51,355,19.2,66.9,0.86,23652797,-,CpG island
20275,765,chr16,23652387,23652918,CpG: 51,531,51,355,19.2,66.9,0.86,23652818,-,CpG island
20275,765,chr16,23652387,23652918,CpG: 51,531,51,355,19.2,66.9,0.86,23652838,-,CpG island
20275,765,chr16,23652387,23652918,CpG: 51,531,51,355,19.2,66.9,0.86,23652857,-,CpG island
20275,765,chr16,23652387,23652918,CpG: 51,531,51,355,19.2,66.9,0.86,23652860,-,CpG island
20275,765,chr16,23652387,23652918,CpG: 51,531,51,355,19.2,66.9,0.86,23652876,-,CpG island
20275,765,chr16,23652387,23652918,CpG: 51,531,51,355,19.2,66.9,0.86,23652906,-,CpG island
20275,765,chr16,23652387,23652918,CpG: 51,531,51,355,19.2,66.9,0.86,23652911,-,CpG island
20275,765,chr16,23652387,23652918,CpG: 51,531,51,355,19.2,66.9,0.86,23652916,-,CpG island
20275,765,chr16,23652387,23652918,CpG: 51,531,51,355,19.2,66.9,0.86,23652918,0,CpG shore
21932,899,chr17,41278134,41278460,CpG: 24,326,24,190,14.7,58.3,0.87,41277106,1028,CpG shore
21932,899,chr17,41278134,41278460,CpG: 24,326,24,190,14.7,58.3,0.87,41277115,1019,CpG shore
21932,899,chr17,41278134,41278460,CpG: 24,326,24,190,14.7,58.3,0.87,41277117,1017,CpG shore
21932,899,chr17,41278134,41278460,CpG: 24,326,24,190,14.7,58.3,0.87,41277153,981,CpG shore
21932,899,chr17,41278134,41278460,CpG: 24,326,24,190,14.7,58.3,0.87,41277160,974,CpG shore
21932,899,chr17,41278134,41278460,CpG: 24,326,24,190,14.7,58.3,0.87,41277174,960,CpG shore
21932,899,chr17,41278134,41278460,CpG: 24,326,24,190,14.7,58.3,0.87,41277187,947,CpG shore
21932,899,chr17,41278134,41278460,CpG: 24,326,24,190,14.7,58.3,0.87,41277214,920,CpG shore
21932,899,chr17,41278134,41278460,CpG: 24,326,24,190,14.7,58.3,0.87,41277232,902,CpG shore
22224,1018,chr17,56769865,56770295,CpG: 40,430,40,272,18.6,63.3,0.93,56769830,35,CpG shore
22224,1018,chr17,56769865,56770295,CpG: 40,430,40,272,18.6,63.3,0.93,56769866,-,CpG island
22224,1018,chr17,56769865,56770295,CpG: 40,430,40,272,18.6,63.3,0.93,56769883,-,CpG island
22224,1018,chr17,56769865,56770295,CpG: 40,430,40,272,18.6,63.3,0.93,56769891,-,CpG island
22224,1018,chr17,56769865,56770295,CpG: 40,430,40,272,18.6,63.3,0.93,56769895,-,CpG island
22224,1018,chr17,56769865,56770295,CpG: 40,430,40,272,18.6,63.3,0.93,56769904,-,CpG island
22224,1018,chr17,56769865,56770295,CpG: 40,430,40,272,18.6,63.3,0.93,56769912,-,CpG island
22224,1018,chr17,56769865,56770295,CpG: 40,430,40,272,18.6,63.3,0.93,56769922,-,CpG island
22224,1018,chr17,56769865,56770295,CpG: 40,430,40,272,18.6,63.3,0.93,56769929,-,CpG island
22224,1018,chr17,56769865,56770295,CpG: 40,430,40,272,18.6,63.3,0.93,56769936,-,CpG island
22224,1018,chr17,56769865,56770295,CpG: 40,430,40,272,18.6,63.3,0.93,56769941,-,CpG island
22224,1018,chr17,56769865,56770295,CpG: 40,430,40,272,18.6,63.3,0.93,56769944,-,CpG island
22224,1018,chr17,56769865,56770295,CpG: 40,430,40,272,18.6,63.3,0.93,56769948,-,CpG island
22224,1018,chr17,56769865,56770295,CpG: 40,430,40,272,18.6,63.3,0.93,56769956,-,CpG island
22224,1018,chr17,56769865,56770295,CpG: 40,430,40,272,18.6,63.3,0.93,56769962,-,CpG island
22224,1018,chr17,56769865,56770295,CpG: 40,430,40,272,18.6,63.3,0.93,56769966,-,CpG island
22224,1018,chr17,56769865,56770295,CpG: 40,430,40,272,18.6,63.3,0.93,56769982,-,CpG island
22224,1018,chr17,56769865,56770295,CpG: 40,430,40,272,18.6,63.3,0.93,56770003,-,CpG island
22224,1018,chr17,56769865,56770295,CpG: 40,430,40,272,18.6,63.3,0.93,56770008,-,CpG island
22224,1018,chr17,56769865,56770295,CpG: 40,430,40,272,18.6,63.3,0.93,56770010,-,CpG island
22224,1018,chr17,56769865,56770295,CpG: 40,430,40,272,18.6,63.3,0.93,56770018,-,CpG island
22224,1018,chr17,56769865,56770295,CpG: 40,430,40,272,18.6,63.3,0.93,56770023,-,CpG island
22224,1018,chr17,56769865,56770295,CpG: 40,430,40,272,18.6,63.3,0.93,56770038,-,CpG island
22224,1018,chr17,56769865,56770295,CpG: 40,430,40,272,18.6,63.3,0.93,56770057,-,CpG island
22224,1018,chr17,56769865,56770295,CpG: 40,430,40,272,18.6,63.3,0.93,56770069,-,CpG island
22224,1018,chr17,56769865,56770295,CpG: 40,430,40,272,18.6,63.3,0.93,56770074,-,CpG island
22224,1018,chr17,56769865,56770295,CpG: 40,430,40,272,18.6,63.3,0.93,56770093,-,CpG island
22258,1042,chr17,59940825,59941067,CpG: 21,242,21,144,17.4,59.5,1.02,59940970,-,CpG island
22258,1042,chr17,59940825,59941067,CpG: 21,242,21,144,17.4,59.5,1.02,59940975,-,CpG island
22258,1042,chr17,59940825,59941067,CpG: 21,242,21,144,17.4,59.5,1.02,59940988,-,CpG island
22258,1042,chr17,59940825,59941067,CpG: 21,242,21,144,17.4,59.5,1.02,59940997,-,CpG island
22258,1042,chr17,59940825,59941067,CpG: 21,242,21,144,17.4,59.5,1.02,59941017,-,CpG island
22258,1042,chr17,59940825,59941067,CpG: 21,242,21,144,17.4,59.5,1.02,59941051,-,CpG island
22258,1042,chr17,59940825,59941067,CpG: 21,242,21,144,17.4,59.5,1.02,59941053,-,CpG island
22258,1042,chr17,59940825,59941067,CpG: 21,242,21,144,17.4,59.5,1.02,59941056,-,CpG island
22258,1042,chr17,59940825,59941067,CpG: 21,242,21,144,17.4,59.5,1.02,59941067,0,CpG shore
22258,1042,chr17,59940825,59941067,CpG: 21,242,21,144,17.4,59.5,1.02,59941110,43,CpG shore
22258,1042,chr17,59940825,59941067,CpG: 21,242,21,144,17.4,59.5,1.02,59941133,66,CpG shore
22258,1042,chr17,59940825,59941067,CpG: 21,242,21,144,17.4,59.5,1.02,59941136,69,CpG shore
22258,1042,chr17,59940825,59941067,CpG: 21,242,21,144,17.4,59.5,1.02,59941187,120,CpG shore
22258,1042,chr17,59940825,59941067,CpG: 21,242,21,144,17.4,59.5,1.02,59941191,124,CpG shore
22258,1042,chr17,59940825,59941067,CpG: 21,242,21,144,17.4,59.5,1.02,59941201,134,CpG shore
22258,1042,chr17,59940825,59941067,CpG: 21,242,21,144,17.4,59.5,1.02,59941202,135,CpG shore
2834,948,chr2,47596629,47597256,CpG: 70,627,70,452,22.3,72.1,0.87,47596828,-,CpG island
2834,948,chr2,47596629,47597256,CpG: 70,627,70,452,22.3,72.1,0.87,47596830,-,CpG island
2834,948,chr2,47596629,47597256,CpG: 70,627,70,452,22.3,72.1,0.87,47596840,-,CpG island
2834,948,chr2,47596629,47597256,CpG: 70,627,70,452,22.3,72.1,0.87,47596849,-,CpG island
2834,948,chr2,47596629,47597256,CpG: 70,627,70,452,22.3,72.1,0.87,47596853,-,CpG island
2834,948,chr2,47596629,47597256,CpG: 70,627,70,452,22.3,72.1,0.87,47596858,-,CpG island
2834,948,chr2,47596629,47597256,CpG: 70,627,70,452,22.3,72.1,0.87,47596862,-,CpG island
2834,948,chr2,47596629,47597256,CpG: 70,627,70,452,22.3,72.1,0.87,47596869,-,CpG island
2834,948,chr2,47596629,47597256,CpG: 70,627,70,452,22.3,72.1,0.87,47596883,-,CpG island
2834,948,chr2,47596629,47597256,CpG: 70,627,70,452,22.3,72.1,0.87,47596885,-,CpG island
2834,948,chr2,47596629,47597256,CpG: 70,627,70,452,22.3,72.1,0.87,47596887,-,CpG island
2834,948,chr2,47596629,47597256,CpG: 70,627,70,452,22.3,72.1,0.87,47596897,-,CpG island
2834,948,chr2,47596629,47597256,CpG: 70,627,70,452,22.3,72.1,0.87,47596900,-,CpG island
2834,948,chr2,47596629,47597256,CpG: 70,627,70,452,22.3,72.1,0.87,47596907,-,CpG island
2834,948,chr2,47596629,47597256,CpG: 70,627,70,452,22.3,72.1,0.87,47596912,-,CpG island
2834,948,chr2,47596629,47597256,CpG: 70,627,70,452,22.3,72.1,0.87,47596930,-,CpG island
2834,948,chr2,47596629,47597256,CpG: 70,627,70,452,22.3,72.1,0.87,47596942,-,CpG island
2835,948,chr2,47630067,47630791,CpG: 76,724,76,486,21.0,67.1,0.95,47630224,-,CpG island
2835,948,chr2,47630067,47630791,CpG: 76,724,76,486,21.0,67.1,0.95,47630227,-,CpG island
2835,948,chr2,47630067,47630791,CpG: 76,724,76,486,21.0,67.1,0.95,47630233,-,CpG island
2835,948,chr2,47630067,47630791,CpG: 76,724,76,486,21.0,67.1,0.95,47630237,-,CpG island
2835,948,chr2,47630067,47630791,CpG: 76,724,76,486,21.0,67.1,0.95,47630240,-,CpG island
2835,948,chr2,47630067,47630791,CpG: 76,724,76,486,21.0,67.1,0.95,47630244,-,CpG island
2835,948,chr2,47630067,47630791,CpG: 76,724,76,486,21.0,67.1,0.95,47630251,-,CpG island
2835,948,chr2,47630067,47630791,CpG: 76,724,76,486,21.0,67.1,0.95,47630265,-,CpG island
2835,948,chr2,47630067,47630791,CpG: 76,724,76,486,21.0,67.1,0.95,47630292,-,CpG island
2835,948,chr2,47630067,47630791,CpG: 76,724,76,486,21.0,67.1,0.95,47630294,-,CpG island
2872,1031,chr2,58468113,58468632,CpG: 50,519,50,340,19.3,65.5,0.9,58468506,-,CpG island
2872,1031,chr2,58468113,58468632,CpG: 50,519,50,340,19.3,65.5,0.9,58468513,-,CpG island
2872,1031,chr2,58468113,58468632,CpG: 50,519,50,340,19.3,65.5,0.9,58468519,-,CpG island
2872,1031,chr2,58468113,58468632,CpG: 50,519,50,340,19.3,65.5,0.9,58468523,-,CpG island
2872,1031,chr2,58468113,58468632,CpG: 50,519,50,340,19.3,65.5,0.9,58468527,-,CpG island
2872,1031,chr2,58468113,58468632,CpG: 50,519,50,340,19.3,65.5,0.9,58468530,-,CpG island
2872,1031,chr2,58468113,58468632,CpG: 50,519,50,340,19.3,65.5,0.9,58468532,-,CpG island
2872,1031,chr2,58468113,58468632,CpG: 50,519,50,340,19.3,65.5,0.9,58468537,-,CpG island
2872,1031,chr2,58468113,58468632,CpG: 50,519,50,340,19.3,65.5,0.9,58468555,-,CpG island
2872,1031,chr2,58468113,58468632,CpG: 50,519,50,340,19.3,65.5,0.9,58468576,-,CpG island
2872,1031,chr2,58468113,58468632,CpG: 50,519,50,340,19.3,65.5,0.9,58468578,-,CpG island
2872,1031,chr2,58468113,58468632,CpG: 50,519,50,340,19.3,65.5,0.9,58468582,-,CpG island
2872,1031,chr2,58468113,58468632,CpG: 50,519,50,340,19.3,65.5,0.9,58468599,-,CpG island
2872,1031,chr2,58468113,58468632,CpG: 50,519,50,340,19.3,65.5,0.9,58468618,-,CpG island
2872,1031,chr2,58468113,58468632,CpG: 50,519,50,340,19.3,65.5,0.9,58468625,-,CpG island
2872,1031,chr2,58468113,58468632,CpG: 50,519,50,340,19.3,65.5,0.9,58468632,0,CpG shore
2872,1031,chr2,58468113,58468632,CpG: 50,519,50,340,19.3,65.5,0.9,58468652,20,CpG shore
2872,1031,chr2,58468113,58468632,CpG: 50,519,50,340,19.3,65.5,0.9,58468737,105,CpG shore
2872,1031,chr2,58468113,58468632,CpG: 50,519,50,340,19.3,65.5,0.9,58468823,191,CpG shore
3361,1561,chr2,128051347,128051857,CpG: 51,510,51,355,20.0,69.6,0.83,128051674,-,CpG island
3361,1561,chr2,128051347,128051857,CpG: 51,510,51,355,20.0,69.6,0.83,128051690,-,CpG island
3361,1561,chr2,128051347,128051857,CpG: 51,510,51,355,20.0,69.6,0.83,128051704,-,CpG island
3361,1561,chr2,128051347,128051857,CpG: 51,510,51,355,20.0,69.6,0.83,128051707,-,CpG island
3361,1561,chr2,128051347,128051857,CpG: 51,510,51,355,20.0,69.6,0.83,128051709,-,CpG island
3361,1561,chr2,128051347,128051857,CpG: 51,510,51,355,20.0,69.6,0.83,128051716,-,CpG island
3361,1561,chr2,128051347,128051857,CpG: 51,510,51,355,20.0,69.6,0.83,128051733,-,CpG island
3361,1561,chr2,128051347,128051857,CpG: 51,510,51,355,20.0,69.6,0.83,128051743,-,CpG island
27236,807,chr22,29137866,29138560,CpG: 53,694,53,440,15.3,63.4,0.79,29137950,-,CpG island
27236,807,chr22,29137866,29138560,CpG: 53,694,53,440,15.3,63.4,0.79,29137964,-,CpG island
27236,807,chr22,29137866,29138560,CpG: 53,694,53,440,15.3,63.4,0.79,29137975,-,CpG island
27236,807,chr22,29137866,29138560,CpG: 53,694,53,440,15.3,63.4,0.79,29137985,-,CpG island
27236,807,chr22,29137866,29138560,CpG: 53,694,53,440,15.3,63.4,0.79,29137993,-,CpG island
27236,807,chr22,29137866,29138560,CpG: 53,694,53,440,15.3,63.4,0.79,29138031,-,CpG island
27236,807,chr22,29137866,29138560,CpG: 53,694,53,440,15.3,63.4,0.79,29138052,-,CpG island
27236,807,chr22,29137866,29138560,CpG: 53,694,53,440,15.3,63.4,0.79,29138062,-,CpG island
27236,807,chr22,29137866,29138560,CpG: 53,694,53,440,15.3,63.4,0.79,29138075,-,CpG island
27236,807,chr22,29137866,29138560,CpG: 53,694,53,440,15.3,63.4,0.79,29138078,-,CpG island
27236,807,chr22,29137866,29138560,CpG: 53,694,53,440,15.3,63.4,0.79,29138091,-,CpG island
27236,807,chr22,29137866,29138560,CpG: 53,694,53,440,15.3,63.4,0.79,29138102,-,CpG island
27236,807,chr22,29137866,29138560,CpG: 53,694,53,440,15.3,63.4,0.79,29138115,-,CpG island
27236,807,chr22,29137866,29138560,CpG: 53,694,53,440,15.3,63.4,0.79,29138134,-,CpG island
27236,807,chr22,29137866,29138560,CpG: 53,694,53,440,15.3,63.4,0.79,29138158,-,CpG island
27236,807,chr22,29137866,29138560,CpG: 53,694,53,440,15.3,63.4,0.79,29138168,-,CpG island
27236,807,chr22,29137866,29138560,CpG: 53,694,53,440,15.3,63.4,0.79,29138176,-,CpG island
27236,807,chr22,29137866,29138560,CpG: 53,694,53,440,15.3,63.4,0.79,29138179,-,CpG island
27236,807,chr22,29137866,29138560,CpG: 53,694,53,440,15.3,63.4,0.79,29138185,-,CpG island
27236,807,chr22,29137866,29138560,CpG: 53,694,53,440,15.3,63.4,0.79,29138202,-,CpG island
27236,807,chr22,29137866,29138560,CpG: 53,694,53,440,15.3,63.4,0.79,29138216,-,CpG island
27236,807,chr22,29137866,29138560,CpG: 53,694,53,440,15.3,63.4,0.79,29138219,-,CpG island
27236,807,chr22,29137866,29138560,CpG: 53,694,53,440,15.3,63.4,0.79,29138234,-,CpG island
27236,807,chr22,29137866,29138560,CpG: 53,694,53,440,15.3,63.4,0.79,29138238,-,CpG island
4348,867,chr3,37034228,37035356,CpG: 93,1128,93,680,16.5,60.3,0.91,37034316,-,CpG island
4348,867,chr3,37034228,37035356,CpG: 93,1128,93,680,16.5,60.3,0.91,37034324,-,CpG island
4348,867,chr3,37034228,37035356,CpG: 93,1128,93,680,16.5,60.3,0.91,37034330,-,CpG island
4348,867,chr3,37034228,37035356,CpG: 93,1128,93,680,16.5,60.3,0.91,37034344,-,CpG island
4348,867,chr3,37034228,37035356,CpG: 93,1128,93,680,16.5,60.3,0.91,37034346,-,CpG island
4348,867,chr3,37034228,37035356,CpG: 93,1128,93,680,16.5,60.3,0.91,37034348,-,CpG island
4348,867,chr3,37034228,37035356,CpG: 93,1128,93,680,16.5,60.3,0.91,37034352,-,CpG island
4348,867,chr3,37034228,37035356,CpG: 93,1128,93,680,16.5,60.3,0.91,37034355,-,CpG island
4348,867,chr3,37034228,37035356,CpG: 93,1128,93,680,16.5,60.3,0.91,37034359,-,CpG island
4348,867,chr3,37034228,37035356,CpG: 93,1128,93,680,16.5,60.3,0.91,37034369,-,CpG island
4348,867,chr3,37034228,37035356,CpG: 93,1128,93,680,16.5,60.3,0.91,37034373,-,CpG island
4348,867,chr3,37034228,37035356,CpG: 93,1128,93,680,16.5,60.3,0.91,37034382,-,CpG island
4348,867,chr3,37034228,37035356,CpG: 93,1128,93,680,16.5,60.3,0.91,37034394,-,CpG island
4348,867,chr3,37034228,37035356,CpG: 93,1128,93,680,16.5,60.3,0.91,37034402,-,CpG island
4348,867,chr3,37034228,37035356,CpG: 93,1128,93,680,16.5,60.3,0.91,37034409,-,CpG island
4348,867,chr3,37034228,37035356,CpG: 93,1128,93,680,16.5,60.3,0.91,37034412,-,CpG island
4348,867,chr3,37034228,37035356,CpG: 93,1128,93,680,16.5,60.3,0.91,37034414,-,CpG island
4348,867,chr3,37034228,37035356,CpG: 93,1128,93,680,16.5,60.3,0.91,37034418,-,CpG island
4348,867,chr3,37034228,37035356,CpG: 93,1128,93,680,16.5,60.3,0.91,37034420,-,CpG island
4348,867,chr3,37034228,37035356,CpG: 93,1128,93,680,16.5,60.3,0.91,37034430,-,CpG island
4348,867,chr3,37034228,37035356,CpG: 93,1128,93,680,16.5,60.3,0.91,37034438,-,CpG island
4348,867,chr3,37034228,37035356,CpG: 93,1128,93,680,16.5,60.3,0.91,37034441,-,CpG island
4348,867,chr3,37034228,37035356,CpG: 93,1128,93,680,16.5,60.3,0.91,37034997,-,CpG island
4348,867,chr3,37034228,37035356,CpG: 93,1128,93,680,16.5,60.3,0.91,37035012,-,CpG island
4348,867,chr3,37034228,37035356,CpG: 93,1128,93,680,16.5,60.3,0.91,37035032,-,CpG island
4348,867,chr3,37034228,37035356,CpG: 93,1128,93,680,16.5,60.3,0.91,37035043,-,CpG island
4348,867,chr3,37034228,37035356,CpG: 93,1128,93,680,16.5,60.3,0.91,37035047,-,CpG island
4348,867,chr3,37034228,37035356,CpG: 93,1128,93,680,16.5,60.3,0.91,37035063,-,CpG island
4348,867,chr3,37034228,37035356,CpG: 93,1128,93,680,16.5,60.3,0.91,37035066,-,CpG island
4348,867,chr3,37034228,37035356,CpG: 93,1128,93,680,16.5,60.3,0.91,37035074,-,CpG island
4348,867,chr3,37034228,37035356,CpG: 93,1128,93,680,16.5,60.3,0.91,37035090,-,CpG island
4348,867,chr3,37034228,37035356,CpG: 93,1128,93,680,16.5,60.3,0.91,37035095,-,CpG island
4348,867,chr3,37034228,37035356,CpG: 93,1128,93,680,16.5,60.3,0.91,37035097,-,CpG island
4348,867,chr3,37034228,37035356,CpG: 93,1128,93,680,16.5,60.3,0.91,37035100,-,CpG island
4348,867,chr3,37034228,37035356,CpG: 93,1128,93,680,16.5,60.3,0.91,37035117,-,CpG island
5006,1670,chr3,142297219,142297849,CpG: 56,630,56,419,17.8,66.5,0.8,142297977,128,CpG shore
5006,1670,chr3,142297219,142297849,CpG: 56,630,56,419,17.8,66.5,0.8,142298019,170,CpG shore
5006,1670,chr3,142297219,142297849,CpG: 56,630,56,419,17.8,66.5,0.8,142298045,196,CpG shore
5006,1670,chr3,142297219,142297849,CpG: 56,630,56,419,17.8,66.5,0.8,142298054,205,CpG shore
8159,917,chr6,43543124,43544076,CpG: 94,952,94,623,19.7,65.4,0.95,43543548,-,CpG island
8159,917,chr6,43543124,43544076,CpG: 94,952,94,623,19.7,65.4,0.95,43543554,-,CpG island
8159,917,chr6,43543124,43544076,CpG: 94,952,94,623,19.7,65.4,0.95,43543571,-,CpG island
8159,917,chr6,43543124,43544076,CpG: 94,952,94,623,19.7,65.4,0.95,43543578,-,CpG island
8159,917,chr6,43543124,43544076,CpG: 94,952,94,623,19.7,65.4,0.95,43543580,-,CpG island
8159,917,chr6,43543124,43544076,CpG: 94,952,94,623,19.7,65.4,0.95,43543596,-,CpG island
8159,917,chr6,43543124,43544076,CpG: 94,952,94,623,19.7,65.4,0.95,43543608,-,CpG island
8159,917,chr6,43543124,43544076,CpG: 94,952,94,623,19.7,65.4,0.95,43543613,-,CpG island
8159,917,chr6,43543124,43544076,CpG: 94,952,94,623,19.7,65.4,0.95,43543615,-,CpG island
8159,917,chr6,43543124,43544076,CpG: 94,952,94,623,19.7,65.4,0.95,43543618,-,CpG island
8159,917,chr6,43543124,43544076,CpG: 94,952,94,623,19.7,65.4,0.95,43543624,-,CpG island
8159,917,chr6,43543124,43544076,CpG: 94,952,94,623,19.7,65.4,0.95,43543642,-,CpG island
8159,917,chr6,43543124,43544076,CpG: 94,952,94,623,19.7,65.4,0.95,43543650,-,CpG island
8159,917,chr6,43543124,43544076,CpG: 94,952,94,623,19.7,65.4,0.95,43543657,-,CpG island
8159,917,chr6,43543124,43544076,CpG: 94,952,94,623,19.7,65.4,0.95,43543669,-,CpG island
8159,917,chr6,43543124,43544076,CpG: 94,952,94,623,19.7,65.4,0.95,43543672,-,CpG island
8159,917,chr6,43543124,43544076,CpG: 94,952,94,623,19.7,65.4,0.95,43543682,-,CpG island
8159,917,chr6,43543124,43544076,CpG: 94,952,94,623,19.7,65.4,0.95,43543691,-,CpG island
8159,917,chr6,43543124,43544076,CpG: 94,952,94,623,19.7,65.4,0.95,43543696,-,CpG island
8159,917,chr6,43543124,43544076,CpG: 94,952,94,623,19.7,65.4,0.95,43543698,-,CpG island
8159,917,chr6,43543124,43544076,CpG: 94,952,94,623,19.7,65.4,0.95,43543701,-,CpG island
8159,917,chr6,43543124,43544076,CpG: 94,952,94,623,19.7,65.4,0.95,43543705,-,CpG island
8159,917,chr6,43543124,43544076,CpG: 94,952,94,623,19.7,65.4,0.95,43543708,-,CpG island
8159,917,chr6,43543124,43544076,CpG: 94,952,94,623,19.7,65.4,0.95,43543733,-,CpG island
8159,917,chr6,43543124,43544076,CpG: 94,952,94,623,19.7,65.4,0.95,43543747,-,CpG island
8159,917,chr6,43543124,43544076,CpG: 94,952,94,623,19.7,65.4,0.95,43543749,-,CpG island
8159,917,chr6,43543124,43544076,CpG: 94,952,94,623,19.7,65.4,0.95,43543763,-,CpG island
8159,917,chr6,43543124,43544076,CpG: 94,952,94,623,19.7,65.4,0.95,43543766,-,CpG island
8159,917,chr6,43543124,43544076,CpG: 94,952,94,623,19.7,65.4,0.95,43543771,-,CpG island
8159,917,chr6,43543124,43544076,CpG: 94,952,94,623,19.7,65.4,0.95,43543775,-,CpG island
8159,917,chr6,43543124,43544076,CpG: 94,952,94,623,19.7,65.4,0.95,43543777,-,CpG island
8159,917,chr6,43543124,43544076,CpG: 94,952,94,623,19.7,65.4,0.95,43543781,-,CpG island
8159,917,chr6,43543124,43544076,CpG: 94,952,94,623,19.7,65.4,0.95,43543786,-,CpG island
8159,917,chr6,43543124,43544076,CpG: 94,952,94,623,19.7,65.4,0.95,43543794,-,CpG island
8159,917,chr6,43543124,43544076,CpG: 94,952,94,623,19.7,65.4,0.95,43543798,-,CpG island
8159,917,chr6,43543124,43544076,CpG: 94,952,94,623,19.7,65.4,0.95,43543800,-,CpG island
8159,917,chr6,43543124,43544076,CpG: 94,952,94,623,19.7,65.4,0.95,43543804,-,CpG island
8159,917,chr6,43543124,43544076,CpG: 94,952,94,623,19.7,65.4,0.95,43543806,-,CpG island
8159,917,chr6,43543124,43544076,CpG: 94,952,94,623,19.7,65.4,0.95,43543815,-,CpG island
8159,917,chr6,43543124,43544076,CpG: 94,952,94,623,19.7,65.4,0.95,43543822,-,CpG island
9163,631,chr7,6048396,6049255,CpG: 82,859,82,577,19.1,67.2,0.85,6048869,-,CpG island
9163,631,chr7,6048396,6049255,CpG: 82,859,82,577,19.1,67.2,0.85,6048876,-,CpG island
9163,631,chr7,6048396,6049255,CpG: 82,859,82,577,19.1,67.2,0.85,6048884,-,CpG island
9163,631,chr7,6048396,6049255,CpG: 82,859,82,577,19.1,67.2,0.85,6048888,-,CpG island
9163,631,chr7,6048396,6049255,CpG: 82,859,82,577,19.1,67.2,0.85,6048892,-,CpG island
9163,631,chr7,6048396,6049255,CpG: 82,859,82,577,19.1,67.2,0.85,6048904,-,CpG island
9163,631,chr7,6048396,6049255,CpG: 82,859,82,577,19.1,67.2,0.85,6048918,-,CpG island
9163,631,chr7,6048396,6049255,CpG: 82,859,82,577,19.1,67.2,0.85,6048925,-,CpG island
9163,631,chr7,6048396,6049255,CpG: 82,859,82,577,19.1,67.2,0.85,6048928,-,CpG island
9163,631,chr7,6048396,6049255,CpG: 82,859,82,577,19.1,67.2,0.85,6048940,-,CpG island
9163,631,chr7,6048396,6049255,CpG: 82,859,82,577,19.1,67.2,0.85,6048951,-,CpG island
9163,631,chr7,6048396,6049255,CpG: 82,859,82,577,19.1,67.2,0.85,6048966,-,CpG island
9163,631,chr7,6048396,6049255,CpG: 82,859,82,577,19.1,67.2,0.85,6048968,-,CpG island
