PCA1,PCA2,PCA3,PCA4,PCA5,Type
0.14684621083886304,-0.8032263626379982,0.3563310432632605,-0.8101349660508916,1.4444777286510573,chr3:37034373_controls
0.07780236527672996,0.21765388215278517,-0.13683562876887986,-0.1552150978985904,0.0633152431385589,chr11:22647545_controls
0.0778023652767255,0.2176538821527834,-0.13683562876887514,-0.15521509789858712,0.06331524313855662,chr17:56770003_controls
-0.14173167974030298,0.6045661418246816,1.141128044814224,-0.025455847992411487,-1.2027083577684952,chr2:47596900_controls
-0.7424943751656665,1.227639668508192,0.8488335595861579,0.7170524877185074,0.22566636617440644,chr6:43543618_controls
0.05325120364160708,-0.04294290916218335,-0.410776232882324,-1.0725008588494556,1.7489702664180327,chr13:32889484_controls
0.27284434779178235,0.19236725211582134,-1.2931943569449988,-0.7443438012077798,1.0985995492658045,chr11:108093338_controls
0.46584012153336024,0.38750940242835497,-0.9315793362166439,0.43473042699430087,-1.5922986045694385,chr22:29138102_controls
-0.3108889273875368,0.7580057266559272,1.279407519948301,0.04830356892308334,-0.9064672616044928,chr2:47596828_controls
-0.5664821951725235,0.33083208078488663,1.1203309241451271,0.7758394010120173,0.5374733181995608,chr6:43543733_controls
-0.5407422397122587,1.3152255653298273,0.49976027718960625,0.9034617978786529,-0.6039048930424059,chr7:6048892_controls
-0.22728155126123156,1.3101000020119866,0.29296966871066765,-1.0348723424103305,-0.08758572660436857,chr15:89787154_controls
-0.7008787893840176,0.9213914343607641,0.8220884313075653,-0.15395134010586015,1.3467967503388318,chr3:37034430_controls
-0.13097195915310358,0.054457989730944775,-0.3083989550322514,0.5288157352029887,0.9021369282747786,chr22:29138031_controls
0.04113377233980406,-0.1493925473013083,0.5611756390903488,-0.6874519866546339,0.48738466222829685,chr11:108093520_controls
0.3576575936456322,-1.007291717278365,1.3289855031702744,-0.6550046392665662,-0.4828723115480113,chr3:37035012_controls
0.39779443204769316,-0.9067322989882514,-0.5028515626521344,0.732044521065047,0.11613447653803773,chr17:59941053_controls
0.07780236527672622,0.21765388215278453,-0.13683562876887562,-0.15521509789858773,0.06331524313855748,chr11:22647643_controls
-0.4328072080994554,-0.06938197030213747,0.969763485568573,0.1907821410627352,1.2846120494767563,chr7:6048928_controls
-0.7403340347986815,1.5068414147112454,0.6618048703514092,-0.06903922647104051,0.6651267981556425,chr2:128051690_controls
0.07780236527672622,0.21765388215278453,-0.13683562876887562,-0.15521509789858773,0.06331524313855748,chr17:56769962_controls
0.07780236527672622,0.21765388215278453,-0.13683562876887562,-0.15521509789858773,0.06331524313855748,chr15:89787066_controls
-0.29428764073483804,0.49320374529990235,0.6668509869812377,-1.2775303855333513,1.3593235805049984,chr3:37035043_controls
-0.6702170835956033,0.9068662968797326,0.70813223861726,-0.2611270656907933,1.4594141859727827,chr16:23652818_controls
0.9285881874026909,-0.7071601874158452,-1.2527766344552853,-0.49939689730785636,-0.6941793363848323,chr6:43543815_controls
0.34988384925912297,-0.7731933216788919,1.2757261026803883,-1.2483503962364668,-0.25127335422137326,chr17:56769929_controls
-0.46976401164064174,0.18170523072980266,0.6723698108319217,1.0257186375138647,0.6515167546344883,chr2:47630294_controls
0.3144234611358969,0.3710134024449343,-1.4238535048778183,-1.0821372933776414,1.0609807889203828,chr15:89787295_controls
0.0035722445800240705,-0.5088694463848897,-0.1601575694871298,0.9178100278263125,0.7025852290897076,chr15:89787150_controls
0.696563122879303,-0.23854853417204142,-1.7405315892545326,0.294604248750608,-0.5263317967573116,chr3:142297977_controls
-0.10724139549537728,0.681710579744561,-1.119713374031148,-0.5437965850655847,1.6546946422139066,chr3:37034344_controls
0.32283818247221574,-0.9502539095185634,1.2249806440858764,-0.12133673316151507,-0.7649459736309887,chr6:43543798_controls
-0.5268506171931908,1.1625656458999163,-0.5653178600763628,0.039552781113045644,1.6168067792583725,chr7:6048951_controls
0.563994513271531,0.2393997416217629,-1.5632412446164288,-1.1352994957678184,0.33930393203698467,chr22:29138202_controls
-0.00042724115765329013,-0.806669416152912,0.6280545754648792,0.511166936023402,0.6414359812803574,chr17:41277153_controls
0.48082540007727315,-1.2258484512859515,0.7281259862221846,0.04982852119335353,-0.5950474315244378,chr2:58468578_controls
-0.5029807176179103,0.9113590821016451,0.925082044508248,0.5634013959012105,-0.30806864785997845,chr11:108093584_controls
0.8252522488548323,-0.8510943654757022,-0.79490730982889,-0.7441796982562214,-0.30342989365151823,chr11:108093436_controls
0.2228129908107224,0.1986107013383241,0.6628741386841163,-0.007041263562356559,-1.6574730199493148,chr2:47596849_controls
0.580438231127053,-0.6793824270078531,-0.3479203670361646,0.6667836991234122,-1.2359278339079784,chr3:37034402_controls
-0.05642837337449221,-0.2747227551593945,-0.5129789788445936,0.5300584800746712,1.3503269949628376,chr16:23652857_controls
0.08321713005357372,-0.33839835042544086,0.3229758786388307,1.1841666721927158,-0.760919494069085,chr6:43543608_controls
0.7236302496813979,0.09474354377384413,-1.4449870069013835,-1.061555558624573,-0.3629015685039981,chr6:43543771_controls
-0.08792396705313486,1.5910110655765972,-1.0326727565625031,0.1993742964576941,-0.7163755161341582,chr17:56769904_controls
0.2845580352650324,-0.153073228533985,0.9966513889381712,-1.5158699258654795,-0.4187348844791287,chr14:45604794_controls
0.34988384925912297,-0.7731933216788919,1.2757261026803883,-1.2483503962364668,-0.25127335422137326,chr2:58468632_controls
0.7911650240828153,-1.163267697832943,-0.47795153031017024,-1.1432567839118335,0.35233833069523685,chr2:128051733_controls
0.6418334317328457,-0.46079491904461184,0.05642355187266378,-0.12150128695959406,-1.670305644768016,chr3:37034330_controls
-0.6566436782123461,1.3953060052441184,-0.28489546440349184,0.14797560174192093,1.3985828843465589,chr17:56769891_controls
-0.2616663390317429,1.4273027729114207,-0.8149308308776206,1.0897251860314792,-0.6839095756890348,chr16:23652876_controls
0.44178818000493303,0.18599838012826073,-1.6971391977345642,-0.40574131857534507,0.5088720679166064,chr11:108093373_controls
0.04713024132294688,0.38973015187693794,0.6958487724211783,0.40719429189967826,-1.5696231276934436,chr2:47596883_controls
-0.6684628087298858,0.7641590369867154,0.4546162155376984,0.932255434055874,0.9374877481615674,chr2:128051707_controls
0.4082755260216734,0.20712172304372692,-0.8528909550675653,0.6123839330429429,-1.274565685591257,chr11:108093485_controls
0.46038503243472,0.15293164774751528,-1.428897126473511,0.8814302401299674,-0.9777028382358808,chr3:37035100_controls
0.23076716813371745,-1.1770701403148378,0.9615520911715327,-0.11870827636338975,0.3515193082374122,chr22:29138158_controls
0.23632285757319804,-0.8896667852246923,0.08565606369813131,0.8192241157599985,0.057854597145262025,chr6:43543775_controls
0.07780236527672622,0.21765388215278453,-0.13683562876887562,-0.15521509789858773,0.06331524313855748,chr2:58468576_controls
0.3724247650545349,-0.7540698852817215,-0.47095652858650255,0.9592974117655276,-0.2606357804985157,chr16:23652769_controls
0.3861409644557421,-1.2427260650772625,0.4154232427083702,-0.6488944318319717,0.8602357191415232,chr17:41277117_controls
-0.4893658106857552,0.5882529323360686,1.3742670245348176,0.6041164211017362,-0.4003799624861104,chr10:89619522_controls
0.07780236527672622,0.21765388215278453,-0.13683562876887562,-0.15521509789858773,0.06331524313855748,chr17:56769948_controls
0.07780236527672622,0.21765388215278453,-0.13683562876887562,-0.15521509789858773,0.06331524313855748,chr22:29138052_controls
0.5005869597667088,-0.24857168351662864,-0.1392664089361162,-1.8453541622467124,0.3833159329913294,chr6:43543682_controls
0.07780236527672622,0.21765388215278453,-0.13683562876887562,-0.15521509789858773,0.06331524313855748,chr2:58468625_controls
-0.5437003885358752,0.20394431448559167,1.1104109227936827,0.6221959657537314,0.7919339584744016,chr17:56770023_controls
0.5468619754364711,0.4702802966039352,-1.8599691639312907,-0.6647026718275663,-0.03067079380435339,chr2:58468523_controls
0.3045610831326058,-0.8310423540654681,1.121383048323943,-0.8930093199051783,-0.07511623786247826,chr11:108093505_controls
0.7589709657313225,-1.3162256997251165,-0.4120389386797753,-0.7682534556164158,0.3476663988522262,chr2:58468652_controls
0.07780236527672622,0.21765388215278453,-0.13683562876887562,-0.15521509789858773,0.06331524313855748,chr22:29137985_controls
-0.6678112849056064,1.1601151295605203,0.5873233351994986,0.09582299874624524,0.85281626522604,chr11:108093395_controls
-0.4460858479396984,1.4753623498401895,0.5159061866459344,-0.7083600799083158,0.09464956013476208,chr2:47630244_controls
-0.4872350963321009,0.7117338449672987,-0.03900211752492209,-0.28281013356557394,1.8469472831258624,chr6:43543571_controls
0.44173448718751784,-0.4650165848715271,-0.7997646829728746,-1.239028705345836,1.2676431021012795,chr15:89787335_controls
0.07780236527672622,0.21765388215278453,-0.13683562876887562,-0.15521509789858773,0.06331524313855748,chr22:29137950_controls
0.13727985635099993,-0.15028640367279064,0.8038317548469384,-1.1490849143187594,0.1632812467146157,chr22:29137993_controls
0.19446367054351507,-1.017910038407908,0.21157081819970178,0.21505732948278589,0.8500660819901795,chr14:45604787_controls
-0.7164515479900901,0.8749449826954678,1.2831243944696076,0.2457375026242587,0.5953483588480845,chr22:29138219_controls
0.8864899418414887,-1.0692681886537319,-1.017397165083748,-0.2813109924394912,-0.36590479047476004,chr7:6048884_controls
0.4597599291947659,0.5871456686863252,-1.1123198255899653,0.2018401574032389,-1.4776600243120022,chr6:43543578_controls
0.6738303322292617,-0.18448145774097688,-0.078889920940646,-1.040968411158224,-1.3077346216138441,chr3:37034420_controls
-0.5066526184320459,0.7770510322535159,1.5171675557355966,-0.001781091224739818,-0.27111197250836205,chr3:142298054_controls
-0.21543843457322695,0.6710162551941392,1.0749887490280257,0.30761619617601216,-1.188465304002939,chr3:37035066_controls
-0.05142659847428719,0.3500505254684851,-1.1686893051932399,1.2707929575264243,0.4069810469054648,chr13:32889461_controls
0.5655033099439881,0.4500805479818645,-1.4410591553833028,0.09659771705806645,-1.253648191550795,chr2:58468519_controls
0.17025278698719667,0.09534209536113754,-1.5383508431108157,0.8368427658823041,0.6304983913456315,chr7:6048876_controls
-0.1507632319327633,-0.08298877391058217,1.7620029185515824,-0.37182489925434237,-0.442560720502179,chr7:6048888_controls
0.55987478221645,-0.4973442207243721,-0.0060636836158549905,0.11505132206046413,-1.3645977669886278,chr11:108093419_controls
0.012884712231897619,0.521292326044655,0.8703018573011924,-0.021354232928768577,-1.4602724700032947,chr2:47596858_controls
0.9430187126309232,-0.735890431856504,-0.9164257453772421,-0.8094885363060293,-0.8389003930194118,chr2:128051716_controls
0.24600032140827216,-1.1890474616425168,1.0248393971906589,-0.2137183678140994,0.30975670516943193,chr17:56769982_controls
0.10822397967156215,0.14180077780270425,0.1748909557554442,0.6280945676339564,-1.0130178487163943,chr15:89787205_controls
0.07780236527672622,0.21765388215278453,-0.13683562876887562,-0.15521509789858773,0.06331524313855748,chr17:56769966_controls
-0.031518937010584475,0.66193911420163,0.5763391472077931,-1.5739482427652582,0.23067783250278728,chr16:23652787_controls
0.7818679132079115,-1.3091134746780952,-0.4812668569261397,-0.11299999657927355,-0.2666217369585364,chr2:47630233_controls
-0.0593549566063285,0.15429692082996932,-0.7308525309829759,1.4284575369601877,0.11140074250353803,chr3:37035047_controls
0.12668504763987315,0.160747383528431,-0.8028989004083257,-1.1416258808010213,1.595646996644051,chr13:32889470_controls
0.6132572409784367,-0.10899882796202807,-0.663552359727776,0.31524118348249514,-1.6565338361170538,chr17:59941051_controls
0.07780236527672622,0.21765388215278453,-0.13683562876887562,-0.15521509789858773,0.06331524313855748,chr11:22647600_controls
0.07780236527672622,0.21765388215278453,-0.13683562876887562,-0.15521509789858773,0.06331524313855748,chr11:108093598_controls
0.3975633863190681,-0.9146560982890554,-0.3845055975111126,-0.7471325820925869,1.2962637366591292,chr17:41277106_controls
-0.2958724864126111,1.547231830433078,-1.1330217639826115,-0.35078104780053837,0.9242201271664834,chr3:37035095_controls
0.23317124079661927,1.0461717058911963,-1.817711474090828,0.39799919105130127,-0.5320836815909264,chr2:58468513_controls
0.3944737114071815,-0.09407137220905615,-0.899196155497533,1.0957216634357876,-1.0785038521404442,chr11:22647745_controls
-0.7809621735931506,1.2426100454755968,0.5428495333330878,0.7434795946718145,0.7190694537739365,chr15:89787018_controls
0.0033044868236629618,-0.01031408114406,-0.09623649729485204,1.421036846717667,-0.6510363278421808,chr6:43543669_controls
0.08229544841027796,0.8892378243997816,-1.476916204765821,1.117949607154049,-0.612552833550596,chr7:6048940_controls
0.5589159386963537,-0.7130072486310683,0.35835452728864897,-0.14905867670193954,-1.1992622946136986,chr11:108093590_controls
0.48131722394027615,-0.9241238305904,-0.11522940111073249,-1.2913004235370347,1.08509030186841,chr15:89787171_controls
0.07780236527672622,0.21765388215278453,-0.13683562876887562,-0.15521509789858773,0.06331524313855748,chr22:29138062_controls
-0.09804328552792466,1.2562076803041862,-1.3030809014918558,-0.6744096319585369,0.9840766164881812,chr3:37035032_controls
0.4277311685904627,-0.018856569590314246,-0.8920128265719373,-1.5368384219722555,0.9584828771789845,chr22:29138134_controls
0.3843246727875792,0.4394913833986386,-0.22355500187207628,-0.0134927460321056,-1.7481332237121567,chr2:47596887_controls
0.07780236527672622,0.21765388215278453,-0.13683562876887562,-0.15521509789858773,0.06331524313855748,chr2:58468532_controls
0.6565324535520036,0.21132788880990264,-1.5948967102951437,-1.0191155624293224,-0.10682365890323947,chr6:43543766_controls
-0.509238101888565,1.6903609374376531,-0.11711368244108095,-0.5363459386608752,0.6277604034265215,chr6:43543696_controls
-0.12779990353448034,0.5879325848370763,1.1115425272818769,0.01898637882367935,-1.2434021935187338,chr3:37035074_controls
0.07780236527672622,0.21765388215278453,-0.13683562876887562,-0.15521509789858773,0.06331524313855748,chr15:89787272_controls
0.46584012153336024,0.38750940242835497,-0.9315793362166439,0.43473042699430087,-1.5922986045694385,chr15:89787009_controls
-0.10797943508124902,0.7740263134324404,0.6501773788543107,0.4001620888160846,-1.4346411240824435,chr6:43543749_controls
0.42516549770359635,0.08279896814641283,0.1966976401829816,-1.7099685643350848,-0.3413793187227743,chr10:89619555_controls
0.7548779616146994,-0.458463155360464,-0.4079518267581335,-1.6034636578497334,-0.33606563034070575,chr2:58468506_controls
-0.6744714958391563,1.3021689075170582,0.4773597486131187,0.4041087964756639,0.5043433467421609,chr11:108093359_controls
0.07780236527672622,0.21765388215278453,-0.13683562876887562,-0.15521509789858773,0.06331524313855748,chr17:56769944_controls
-0.5416258157214908,1.7480327960800857,-0.6728614156999568,-0.00810884788162195,0.8753148524065192,chr15:89787007_controls
-0.07324920411480994,-0.7204175268131519,1.5100898639592308,-0.32388130610969984,0.522793408664199,chr10:89619566_controls
0.44395970246462035,-1.243929894465884,0.7672589458657069,0.05136954111213194,-0.4421202020693706,chr6:43543596_controls
0.18224115317642292,-0.4374589389418744,-0.5278086177825936,1.2010616110732208,-0.05656954941657875,chr22:29138115_controls
0.858053307119037,-0.57725843138557,-1.3228525247788854,-0.03793664389299389,-0.9095229348354282,chr3:37034324_controls
0.07780236527672622,0.21765388215278453,-0.13683562876887562,-0.15521509789858773,0.06331524313855748,chr15:89787113_controls
0.3973593341575463,-1.1599852398532666,-0.16047372826466053,0.028021791734854088,0.7567265372291954,chr3:37034352_controls
0.033940738962977716,0.8682191663076204,-0.6374386873019494,1.0709607588995902,-1.310336679482784,chr11:22647774_controls
-0.041444215119618655,0.17034789457629723,1.5021264089847948,-0.8418536064458451,-0.648132032533078,chr17:56769866_controls
0.38039742247572655,-1.0180183220529504,0.19002127032871194,0.6880596499377495,-0.40213955060645906,chr6:43543708_controls
0.07780236527672622,0.21765388215278453,-0.13683562876887562,-0.15521509789858773,0.06331524313855748,chr22:29138078_controls
0.07780236527672622,0.21765388215278453,-0.13683562876887562,-0.15521509789858773,0.06331524313855748,chr11:22647618_controls
0.02644682825772601,0.1833282736957988,-1.3657410554934015,0.6705757178173611,1.090181851015517,chr17:41277115_controls
-0.017297760721876606,0.9403287970654921,-0.8832700091210369,1.2173345121427455,-1.0309467540249253,chr17:59941056_controls
0.0035722445800240705,-0.5088694463848897,-0.1601575694871298,0.9178100278263125,0.7025852290897076,chr15:89787288_controls
0.019670872924897796,1.375854063592281,-0.560006216646366,-0.7415137956709776,-0.5850409255208052,chr10:89619512_controls
0.07780236527672622,0.21765388215278453,-0.13683562876887562,-0.15521509789858773,0.06331524313855748,chr17:56770008_controls
-0.4948844777507799,0.918791912016148,-0.47026672931899455,1.311454128763696,0.6404320139120265,chr2:47630251_controls
0.07685677376818391,0.5117160564202458,0.8177389559742865,-0.29064792719382115,-1.4398520743117136,chr2:47596862_controls
-0.5307529521578083,1.4516724259026543,-0.9144620279787349,0.751452756975281,0.9373655121276,chr2:58468537_controls
-0.6386687483500536,0.7190407038614043,0.39461148168422844,1.0265211246145973,0.8632406814955168,chr6:43543672_controls
0.2728443477917824,0.1923672521158214,-1.2931943569449986,-0.7443438012077797,1.0985995492658043,chr11:108093413_controls
-0.17337380304562744,0.031320538299570884,-0.16550761828132327,1.3994845426882694,0.19808773654461512,chr17:59941187_controls
0.20827139321483915,-0.8450532396530896,-0.23367531777758083,0.6082004257612721,0.6790612857738806,chr2:58468823_controls
0.6157952180987107,0.020927086070436106,-0.16361947844324107,-0.8496007495983778,-1.45128476872468,chr6:43543580_controls
0.07780236527672622,0.21765388215278453,-0.13683562876887562,-0.15521509789858773,0.06331524313855748,chr15:89787238_controls
0.36400865863235554,-0.17319467689527354,-0.8534223178425685,1.161815418638329,-0.917945174718557,chr15:89787036_controls
-0.4957142475605927,1.3615545735293841,-0.3386592337380711,1.303279489911704,-0.24599112277333063,chr3:37035063_controls
0.5388089888506341,-0.3101719030650362,-1.2178653557684482,0.8795752497954501,-0.8147807019910857,chr6:43543786_controls
0.03086343704353061,-0.07631515110118134,1.0920467434760712,0.21644327490339682,-1.0170163910168866,chr11:108093335_controls
0.5369072474449221,-0.4734663940650689,-1.0982194498775937,0.8840635249837805,-0.6789259325298718,chr16:23652838_controls
0.3144234611358969,0.3710134024449343,-1.4238535048778183,-1.0821372933776414,1.0609807889203828,chr2:58468527_controls
0.46584012153336035,0.3875094024283549,-0.9315793362166438,0.43473042699430076,-1.5922986045694383,chr15:89787045_controls
0.2428701907274638,-0.4225592513223905,-0.9013411159505582,-0.45275891997152745,1.5429181509087206,chr7:6048869_controls
0.07780236527672622,0.21765388215278453,-0.13683562876887562,-0.15521509789858773,0.06331524313855748,chr11:22647610_controls
-0.4043822321508289,1.1612664201326652,0.28867283195694415,1.0726032873602547,-0.8755165004302394,chr6:43543650_controls
0.14488564982507365,0.5492144734970581,-1.6575341238021606,1.0949928545301328,-0.09803196642296372,chr16:23652918_controls
0.2629674934890112,-1.194478752377813,1.0924580970579345,-0.3256911761185989,0.25884893107354695,chr15:89787293_controls
0.34988384925912297,-0.7731933216788919,1.2757261026803883,-1.2483503962364668,-0.25127335422137326,chr17:56770038_controls
-0.7919285974406661,1.3270719309124714,0.556861440176892,0.29309373548198264,1.0096055034030034,chr6:43543806_controls
0.07780236527672622,0.21765388215278453,-0.13683562876887562,-0.15521509789858773,0.06331524313855748,chr15:89787168_controls
0.5919602860710798,-0.3860585511926819,-0.3589225506647811,0.4691201363105632,-1.5924600565501128,chr17:56769922_controls
0.46584012153336024,0.38750940242835485,-0.9315793362166439,0.43473042699430076,-1.5922986045694385,chr22:29138091_controls
-0.09022668541159627,-0.007894427642422014,0.051109072034163386,-1.0572251359655847,1.7914174767134918,chr6:43543642_controls
-0.28452868076056437,-0.039046905539602245,0.10419216839016385,1.1133091303638318,0.7621951734083262,chr3:37034348_controls
0.3144234611358969,0.3710134024449343,-1.4238535048778183,-1.0821372933776414,1.0609807889203828,chr15:89787190_controls
0.07780236527672622,0.21765388215278453,-0.13683562876887562,-0.15521509789858773,0.06331524313855748,chr22:29138234_controls
0.856013527008862,-0.706580645501218,-1.299578472957073,-0.9484252718524352,0.0928807292150418,chr17:41277232_controls
0.3045610831326058,-0.8310423540654681,1.121383048323943,-0.8930093199051783,-0.07511623786247826,chr11:108093461_controls
0.07780236527672622,0.21765388215278453,-0.13683562876887562,-0.15521509789858773,0.06331524313855748,chr17:56770074_controls
0.3328285223541027,0.2654966017004682,-0.612075640531698,-1.6977341481176564,0.730920089229728,chr6:43543800_controls
0.1823227263178308,0.4078123466284842,-1.6115706747491572,-0.4773789921898811,1.299594396601279,chr13:32889434_controls
0.07780236527672622,0.21765388215278453,-0.13683562876887562,-0.15521509789858773,0.06331524313855748,chr22:29137975_controls
0.46584012153336035,0.38750940242835497,-0.9315793362166439,0.43473042699430087,-1.5922986045694387,chr15:89787060_controls
0.34988384925912297,-0.7731933216788919,1.2757261026803883,-1.2483503962364668,-0.25127335422137326,chr6:43543624_controls
-0.24010600013143454,1.4959309539127674,-1.0032528752433378,-0.6427606632143749,0.8556698287462557,chr6:43543822_controls
0.450646854054033,-0.5720118460357079,0.19255543355009,-1.770493329988954,0.6949899127330295,chr17:59941017_controls
-0.7149190270353003,1.7117524100184573,-0.20565097546699349,0.46173928690546945,0.7672326360348902,chr17:59941067_controls
-0.1941877055402545,1.710262893606945,-1.240961453390522,0.19638170525368784,-0.1740165209739731,chr3:142298045_controls
0.043159346967460745,1.1866317900595755,-0.10363322388958801,-0.6168658556465323,-1.0297790770118282,chr2:47596907_controls
0.0035722445800242257,-0.5088694463848896,-0.1601575694871297,0.9178100278263123,0.7025852290897073,chr11:22647649_controls
0.31442346113589675,0.37101340244493425,-1.4238535048778183,-1.0821372933776414,1.0609807889203828,chr22:29138075_controls
0.23617469382186812,0.15300219005803326,0.5553347406565847,0.20238280155354404,-1.7000711657891157,chr2:47596869_controls
0.3045610831326058,-0.8310423540654681,1.121383048323943,-0.8930093199051783,-0.07511623786247826,chr11:108093457_controls
-0.34005589063911495,1.4231922661587113,-1.3552779882045956,0.3444853828166861,0.9863853838495581,chr6:43543554_controls
-0.3977889058023934,0.028361254914921627,0.6345413081572033,1.0314031425166326,0.6151159964492009,chr17:41277214_controls
-0.07919037816030983,-0.33717855532301017,0.856397722077117,1.0097117034456735,-0.49175598841537443,chr3:37035097_controls
0.5391054696101262,0.264642915820972,-0.30329050308235084,-0.5917110322115634,-1.566068826481661,chr2:47630237_controls
-0.6868582961351516,1.3221528872106303,-0.2693922980877514,0.7440215941710056,1.115891806827707,chr7:6048968_controls
0.5971268203599344,-0.5652748105413873,0.5924208175138206,-0.7371227451309638,-1.382179201659208,chr15:89787260_controls
-0.6002283440083139,1.3671647632046764,0.6753568237887719,0.7072020239566846,-0.4510584072478738,chr2:47630240_controls
0.46584012153336024,0.38750940242835497,-0.9315793362166439,0.43473042699430087,-1.5922986045694385,chr15:89787034_controls
-0.662567808008866,1.3332543925268974,0.5998220176291552,0.902438603329955,-0.1885273474701022,chr17:59941133_controls
0.7494902614055398,-1.0850078008168267,0.4030672587878954,-1.2572412580430672,-0.5327189966179012,chr10:89619506_controls
0.07780236527672622,0.21765388215278453,-0.13683562876887562,-0.15521509789858773,0.06331524313855748,chr15:89787226_controls
-0.2072525723976405,-0.5169636615610804,0.8768329808234344,0.03956528138952284,1.2342114466401048,chr16:23652911_controls
-0.2730444285308909,-0.25354515335283967,0.4451769229803167,0.8177713781800922,0.9236362331821911,chr3:37034409_controls
0.07780236527672622,0.21765388215278453,-0.13683562876887562,-0.15521509789858773,0.06331524313855748,chr11:108093538_controls
-0.21922309875224713,0.7540174774766215,0.40737659121497455,0.8401828120435316,-0.9864453010893104,chr11:108093451_controls
0.48501524174266225,-0.6843228986326787,-1.2577545356530104,0.3167189571895394,0.604850067940029,chr17:59940975_controls
0.07780236527672622,0.21765388215278453,-0.13683562876887562,-0.15521509789858773,0.06331524313855748,chr15:89787223_controls
0.02396204886397967,-0.7725403508039845,1.6044050142353732,-0.3817591330868366,0.0992552640451654,chr6:43543613_controls
0.6741397172083693,-0.28239187206106053,-1.845563456246666,0.09420697397770358,-0.047322035013979837,chr3:37034359_controls
-0.4567573592059301,1.8829968951697558,-0.5979534112915936,0.10654205315627918,0.06646291931873706,chr17:59940970_controls
-0.4824495430332174,1.6064288979554402,-0.92137595596213,0.9770278909483483,0.2638707920749968,chr2:128051743_controls
0.03757411019219478,-0.18390599049558365,1.0721930490325142,0.5953599697420708,-1.179082330412318,chr16:23652860_controls
0.2752687323858121,-0.003166266048793918,-1.4304612610831895,-0.5265699974482418,1.3854853071044322,chr2:58468582_controls
0.6167874679365027,-0.4526830204408734,0.3676106754638692,-0.5660678274742195,-1.5453483169948505,chr22:29138238_controls
0.40501789483965,-0.5760185309168911,-1.2611822196985831,0.1763012309353766,0.9218043867762007,chr2:47630224_controls
0.8584391767529009,-1.182336481818078,-0.4857298881128495,-0.15892002338676325,-0.7871813423812278,chr3:37034414_controls
0.32358590116839964,-0.14544515381164133,0.38948049551250485,-1.856631276180579,0.4108760481799784,chr17:59940988_controls
0.34988384925912297,-0.7731933216788919,1.2757261026803883,-1.2483503962364668,-0.25127335422137326,chr17:56770069_controls
-0.016979750393360343,0.605085988598541,0.3495276290122476,0.7545801435805846,-1.5284780482986005,chr2:47596942_controls
0.07780236527672622,0.21765388215278453,-0.13683562876887562,-0.15521509789858773,0.06331524313855748,chr15:89787120_controls
-0.7718601359587084,1.1873642412810206,0.531176787173809,0.7881496761045953,0.7438403694123655,chr17:56770018_controls
-0.43358057629636704,1.1098240849709167,0.5535565265741611,-1.0876985047100602,0.9388404111417561,chr2:47630292_controls
0.7865742802317333,-0.3839004087041243,-0.5877376661458816,-1.4864774259860205,-0.49705173386437707,chr2:128051704_controls
-0.43052116396510387,0.45530470849401766,-0.11923432034382507,1.2724963834614353,0.7353524167627603,chr17:41277174_controls
0.4082755260216734,0.20712172304372692,-0.8528909550675653,0.6123839330429429,-1.274565685591257,chr11:108093579_controls
-0.5507191752640301,0.30710526645613434,1.510633025539947,0.3554128375962347,0.4115193946718289,chr3:37034441_controls
0.35347605207103727,0.985715804914673,-1.2334205711621808,-0.7126409261982369,-0.7012439620000107,chr7:6048966_controls
0.4082755260216734,0.20712172304372692,-0.8528909550675653,0.6123839330429429,-1.274565685591257,chr11:108093439_controls
-0.05835078761331739,0.8258371130887334,0.6275607459958488,0.07230303929384904,-1.4344750533653057,chr2:47596912_controls
0.6783603516487721,0.022836466031552396,-0.8003988377001404,-0.15749917798312926,-1.5980926751810305,chr3:37034346_controls
-0.3040732556327945,1.3614829585862074,-0.7895374268997745,-0.7275752824770163,1.1974190804220517,chr7:6048904_controls
-0.5369838541645803,0.1549804754251784,1.2154274527928677,0.2441269322174831,1.051873520462252,chr10:89619510_controls
0.46584012153336024,0.38750940242835497,-0.9315793362166439,0.43473042699430087,-1.5922986045694385,chr17:56769883_controls
0.059184625581409515,-0.7925539546772854,0.6688248449819442,-0.6979985007587411,1.3615654118436955,chr3:37034418_controls
0.1189681906641592,0.44057940794722605,-0.5902251600642738,-1.0632528370796008,0.8409263723652434,chr15:89787212_controls
0.07780236527672622,0.21765388215278453,-0.13683562876887562,-0.15521509789858773,0.06331524313855748,chr11:108093532_controls
-0.06759125069137034,-0.4598152103931311,1.7536204791582422,-0.36904032265699954,-0.18920089160644385,chr22:29138185_controls
-0.3365908484587172,1.776010911641053,-0.7023811548318045,0.4363238161807337,-0.4775551575027364,chr3:37035090_controls
-0.018558862584854688,0.2958768679439918,1.1378449420882597,0.08377194606560909,-1.3485260922495206,chr2:47596885_controls
0.038349369779389623,-0.7504724703363472,1.6091503603376758,-0.2601807824101458,-0.11726902475347997,chr6:43543804_controls
0.07780236527672622,0.21765388215278453,-0.13683562876887562,-0.15521509789858773,0.06331524313855748,chr15:89787058_controls
0.4063160092923471,-1.051143467078205,0.24382841014448678,0.6247922016974737,-0.4747108404339848,chr3:142298019_controls
-0.18915466272587328,-0.2699812040975316,0.017520859239511705,0.7937674430839982,1.092732661198129,chr17:41277160_controls
0.07780236527672622,0.21765388215278453,-0.13683562876887562,-0.15521509789858773,0.06331524313855748,chr15:89787077_controls
-0.28026750336566997,1.4980172104513485,-0.21621001158948785,0.6173861310614552,-1.0108986341929656,chr2:58468555_controls
0.2598043501420922,0.8295622415195748,-1.4135521656592032,-1.09820964855679,0.5482082633240408,chr6:43543794_controls
-0.5071925004642673,0.8815242898377239,1.2209281338241023,0.5352398587917301,-0.5655521593855262,chr15:89787032_controls
0.2673825326264229,0.5525403367039715,0.1526525320222353,-0.228215137241579,-1.6539667353413756,chr6:43543701_controls
-0.7725324116502923,1.3177734369186782,0.47245605865960144,0.8215453496217894,0.5690255092097805,chr3:37034382_controls
0.6117557416072024,-1.4112859518485033,0.34610222488735864,-0.17237181197502152,-0.2399446497431001,chr16:23652783_controls
-0.05031417489320225,-0.7444750847963078,0.7406013975006502,0.5309414553534845,0.6168609225776862,chr6:43543615_controls
-0.13593523119249323,-0.37233902256997925,1.7077779825998436,-0.013896524688432088,-0.2785864900298197,chr2:47596830_controls
0.07780236527672622,0.21765388215278453,-0.13683562876887562,-0.15521509789858773,0.06331524313855748,chr17:56770093_controls
0.18659063108455629,-0.6982933177525981,-0.3593535853592803,0.8745787603139253,0.44790587175471513,chr2:128051709_controls
0.21354059176950274,-0.6976061847300928,0.6162208123419232,0.8205005774161287,-0.7901636292529658,chr16:23652797_controls
0.347740585719743,-0.064608776952953,0.6613992578634561,-0.16483197528602742,-1.653805878848592,chr3:37034412_controls
0.3740695282433501,-0.6342945678435025,0.8388120468815674,-1.3402111360682434,0.005023445599069937,chr17:56769956_controls
0.07780236527672622,0.21765388215278453,-0.13683562876887562,-0.15521509789858773,0.06331524313855748,chr11:108093529_controls
0.0035722445800242257,-0.5088694463848896,-0.1601575694871297,0.9178100278263123,0.7025852290897073,chr15:89787048_controls
0.3231391688850192,-1.0994671393686835,1.2907541111523892,-0.8116045357017875,0.014868285361275924,chr6:43543747_controls
-0.19071830756427052,0.2135154001606263,1.14793466749104,0.7330249524164495,-0.9996601630906248,chr2:47596840_controls
0.07780236527672622,0.21765388215278453,-0.13683562876887562,-0.15521509789858773,0.06331524313855748,chr11:108093476_controls
0.5259098033487191,-0.77751792141063,0.888877517225889,-1.41504065313613,-0.45120393273789366,chr11:22647764_controls
-0.6261536622949125,1.165050092165714,1.2177256239311698,-0.3020838146073109,0.25371278339707,chr22:29138216_controls
-0.3373846387986053,0.9343379944732871,0.9308455817913183,0.48406161326528174,-1.0494277575259505,chr2:47596897_controls
0.7474658927276978,0.1223798924892671,-1.5048452409336812,-0.5314427922365423,-0.9164886851747182,chr10:89619550_controls
0.7381949441012056,-0.10367662203598434,-1.4036097915560035,0.1269499590113573,-1.197189247906662,chr3:37034316_controls
0.8493802647586892,-0.6925250214326527,-1.4809071601365527,-0.5963430570170266,0.004669377050233293,chr3:37034369_controls
0.5665567245013285,-0.05803123489168991,0.03477926341055745,-0.4492022941144497,-1.6809074987893897,chr3:37034997_controls
0.07780236527672622,0.21765388215278453,-0.13683562876887562,-0.15521509789858773,0.06331524313855748,chr15:89787103_controls
0.40827552602167355,0.20712172304372692,-0.8528909550675654,0.612383933042943,-1.2745656855912577,chr11:108093402_controls
0.29456547449851544,-1.1747929916524906,1.2075608846067991,-0.5573803941951601,0.14749835320095042,chr15:89787182_controls
0.46584012153336024,0.38750940242835485,-0.9315793362166439,0.43473042699430076,-1.5922986045694385,chr15:89787304_controls
-0.06931119466489936,-0.048070772362382316,-0.8279181327074885,0.5977843138275816,1.3452670852171948,chr3:37034394_controls
0.07780236527672622,0.21765388215278453,-0.13683562876887562,-0.15521509789858773,0.06331524313855748,chr2:128051674_controls
0.4170006655290193,-1.062772660000887,1.235085047249695,-0.8696295708551038,-0.36334643941671907,chr6:43543657_controls
-0.46729058170163484,0.4570909736101241,1.4008290348036911,-0.1808150615199869,0.3787240758890057,chr11:108093560_controls
-0.6922221090860119,1.5747625707048631,0.07457057012885861,-0.14306096823227113,1.092496101932763,chr3:37034438_controls
0.0035722445800240705,-0.5088694463848897,-0.1601575694871298,0.9178100278263125,0.7025852290897076,chr17:56769912_controls
-0.7447078501247731,1.611809373954415,0.5556861640568257,0.20187174530055657,0.39658215647350864,chr11:22647622_controls
0.07780236527672622,0.21765388215278453,-0.13683562876887562,-0.15521509789858773,0.06331524313855748,chr15:89787164_controls
0.6011978384868024,-0.10354359606355064,-0.23218664728624092,-0.1065365249489784,-1.7502390320913088,chr6:43543698_controls
-0.05803401394752313,0.7839548746615639,-0.8613803084988318,1.4091677859265668,-0.7762471051729387,chr17:59941202_controls
-0.6829362599573823,1.2781794665738877,0.8793413505127544,0.6625904893523143,-0.12263068593353099,chr17:59941191_controls
0.5047579923091468,-1.1913265856279405,-0.3924143526454039,0.030298577219507804,0.5860769937043413,chr17:59941136_controls
0.3045610831326058,-0.8310423540654681,1.121383048323943,-0.8930093199051783,-0.07511623786247826,chr11:108093567_controls
0.3144234611358971,0.37101340244493425,-1.423853504877818,-1.0821372933776414,1.0609807889203826,chr17:56769895_controls
0.34988384925912297,-0.7731933216788919,1.2757261026803883,-1.2483503962364668,-0.25127335422137326,chr2:58468530_controls
0.5328509229969794,-0.40389865639529454,-0.4992717184977904,0.7639622300487302,-1.3826794873869324,chr6:43543705_controls
0.6203311609356359,-0.40521937155439997,0.2788721723631188,-0.4983524806787453,-1.5954741118009534,chr2:47630265_controls
0.7221640381944257,0.1996178366503942,-1.4551091293035916,-0.590281687426061,-0.9358609285279152,chr17:56770057_controls
0.2728443477917824,0.1923672521158214,-1.2931943569449986,-0.7443438012077797,1.0985995492658043,chr11:108093572_controls
0.07780236527672622,0.21765388215278453,-0.13683562876887562,-0.15521509789858773,0.06331524313855748,chr22:29138168_controls
-0.6575143904784264,1.8200387062861674,0.008915235880227875,0.09182768703011546,0.39203023882575155,chr17:59941110_controls
0.3194571563748149,0.6536778357661983,-2.044320488347508,0.42365383513761307,-0.02762917364381819,chr7:6048918_controls
0.07780236527672622,0.21765388215278453,-0.13683562876887562,-0.15521509789858773,0.06331524313855748,chr11:22647651_controls
-0.7741333338192418,1.6219395716726155,0.2958355760786201,0.35919682349539594,0.6857780558222819,chr17:59940997_controls
0.34988384925912297,-0.7731933216788919,1.2757261026803883,-1.2483503962364668,-0.25127335422137326,chr22:29138179_controls
-0.6531617660383852,1.2433730152126148,0.21466554651503944,0.17457254605542227,1.0192518485669,chr2:47596853_controls
0.35646753631233274,0.962345370248109,-1.7726505506781818,-0.38764220026328566,-0.32186602099343126,chr16:23652906_controls
0.24182658125731762,-1.0805492832691614,1.0578356324877334,-0.8755353450475706,0.6928183166310243,chr2:58468737_controls
-0.010834411951238713,0.06670604071662435,1.169298131086942,-1.542975010055442,0.3987340047174915,chr2:58468618_controls
0.07780236527672622,0.21765388215278453,-0.13683562876887562,-0.15521509789858773,0.06331524313855748,chr22:29137964_controls
0.3042907911389546,0.20126512288405476,-1.471465204315302,-0.8542890456609155,1.247305567226345,chr15:89787087_controls
0.24218386359212288,-0.6134466743110257,-0.09366044332674192,0.4785737583373054,0.08256725508270218,chr17:41277187_controls
0.07780236527672622,0.21765388215278453,-0.13683562876887562,-0.15521509789858773,0.06331524313855748,chr17:56769941_controls
-0.7447078501247731,1.611809373954415,0.5556861640568257,0.20187174530055657,0.39658215647350864,chr11:22647661_controls
-0.1350731372185092,-0.2012845313493821,0.15484627855434932,1.2844866738096152,0.1308310403384654,chr6:43543691_controls
0.07780236527672622,0.21765388215278453,-0.13683562876887562,-0.15521509789858773,0.06331524313855748,chr17:56770010_controls
-0.40642973517097053,0.9592218702250985,0.8613458145369366,-1.1352432460877837,0.7412908440772517,chr2:47630227_controls
-0.41301632846278846,0.19474744177031275,0.6699995565413622,1.2043883826443986,0.21215142379015003,chr17:56769830_controls
0.5117720070977733,-0.16821227279220377,-0.06433498827497788,-1.8344339886738037,0.09833887525955913,chr3:37035117_controls
0.8247464832103806,-0.26138901034348566,-1.6158460421304286,-0.2404484522169611,-0.7568039125158368,chr6:43543548_controls
0.07780236527672622,0.21765388215278453,-0.13683562876887562,-0.15521509789858773,0.06331524313855748,chr17:56769936_controls
-0.3532930883319218,1.8031861698217426,-1.0104996531090245,0.43699312681347585,-0.07998669948291476,chr10:89619580_controls
0.07780236527672622,0.21765388215278453,-0.13683562876887562,-0.15521509789858773,0.06331524313855748,chr22:29138176_controls
0.29365965599657423,0.10998851440573448,-1.4667632586964328,-0.7153421001231107,1.3209293733882863,chr15:89786999_controls
0.21855876781856903,0.32932748740342294,0.4806941534343162,0.06406319317438114,-1.7027393977695107,chr2:47596930_controls
0.27745910415142705,-1.2016752089886797,0.6364765578590712,-0.37211756798834195,0.7870372167056311,chr17:59941201_controls
0.07780236527672622,0.21765388215278453,-0.13683562876887562,-0.15521509789858773,0.06331524313855748,chr15:89787109_controls
-0.4482792472585099,0.8684633222743987,1.428787023290082,-0.5074537255753445,-0.142424934879405,chr6:43543763_controls
0.5275014120017196,0.18617311994231867,-1.7710336951302144,-0.04782537402130535,-0.11624519667072679,chr11:108093371_controls
0.39726927791171684,-0.7709775864417361,-0.20228196890087058,0.9368603200886081,-0.6469303265241946,chr6:43543781_controls
0.9290610672404075,-1.0679248888427075,-0.9262707289044914,-0.7119399040993802,-0.29309791094887133,chr16:23652916_controls
0.28177094472026754,-1.1368777024178773,0.9501379740195319,0.16975658696795307,-0.19293534638954274,chr3:37034355_controls
0.5267609628609966,0.18612491212890894,-1.7721920770940858,-0.05346922652709307,-0.10637640662048795,chr11:108093386_controls
0.27284434779178224,0.19236725211582126,-1.2931943569449986,-0.7443438012077797,1.0985995492658045,chr11:108093323_controls
0.27284434779178235,0.19236725211582134,-1.2931943569449988,-0.7443438012077798,1.0985995492658045,chr11:108093467_controls
0.6351861503484951,-0.8278046718278921,0.45492144577730836,-0.2188348824643984,-1.4131944789746613,chr6:43543777_controls
0.29359591030997456,-1.073230833306161,0.37823673533331476,0.5631475410927526,-0.021616567801176722,chr2:58468599_controls
0.07780236527672622,0.21765388215278453,-0.13683562876887562,-0.15521509789858773,0.06331524313855748,chr15:89787184_controls
0.32179831094925776,0.5787047555051336,-1.9483431599555645,0.6613735599260777,-0.23708051661106083,chr7:6048925_controls
1.0881290402028214,-0.04235802058105073,1.4559718409722813,-0.6426266926414801,-0.30150286008989596,chr3:37034373_cases
0.07780236527672622,0.21765388215278453,-0.13683562876887562,-0.15521509789858773,0.06331524313855748,chr11:22647545_cases
0.07780236527672622,0.21765388215278453,-0.13683562876887562,-0.15521509789858773,0.06331524313855748,chr17:56770003_cases
1.8813757518303558,-1.3174744118808122,-0.5559133216247574,1.7145635791679374,0.9751802383255007,chr2:47596900_cases
-0.9882934890764195,-0.2692351585382074,-1.0612806033820155,0.42740217472965986,-1.0696915187581209,chr6:43543618_cases
1.0408667887603722,-1.2858678887123893,1.048350737739009,-1.0017185746249526,-0.48423383808513815,chr13:32889484_cases
0.9158989318362227,0.37677627817864,0.5477185215849438,-0.935243007174069,-0.19944796481834418,chr11:108093338_cases
0.5994077712474715,0.6336346201980314,-0.9812101341562823,-1.3397806693868644,1.126406638720707,chr22:29138102_cases
3.7876915026760307,0.33315191401665467,0.33142481213980196,2.0092654115067647,1.319663923038618,chr2:47596828_cases
-0.31429940649383203,-1.2328356871583714,-0.5808467086490466,2.0796727086673217,0.6359361479100801,chr6:43543733_cases
0.8966596942212209,-1.0288565116278932,0.4350646255354184,0.5068844409164935,0.5460560128619895,chr7:6048892_cases
-1.6321680931585212,-1.0403593771756672,-0.9454256974519277,0.1704141862538757,-0.23631645138016166,chr15:89787154_cases
-0.43488376591675615,-1.3278201272492753,-0.19084265456334293,-0.9271362104436887,0.3456641853407953,chr3:37034430_cases
-0.13968476841424557,0.2849384906728122,-0.03183813106515723,-0.03949997109918561,-0.6941743869527403,chr22:29138031_cases
-1.0194163738514068,-0.402294623464513,-0.44655373975620233,0.1155582522766597,0.0551622289361744,chr11:108093520_cases
-2.9161556712636396,-1.563047090924537,-0.3245370382489166,0.758483771101793,2.400483966027681,chr3:37035012_cases
-0.033582304608960535,-1.5969152280536663,-1.2100958495735494,2.714685979293845,-1.4037915699355639,chr17:59941053_cases
0.07780236527672622,0.21765388215278453,-0.13683562876887562,-0.15521509789858773,0.06331524313855748,chr11:22647643_cases
-0.5723935155638805,-0.17258631131379246,-0.3699445940618908,-0.013340858905004853,-0.394095044575366,chr7:6048928_cases
-0.6944921018034137,-0.22680172577979177,-0.5746891891224921,0.13576216130644694,-0.1600862949455663,chr2:128051690_cases
0.07780236527672622,0.21765388215278453,-0.13683562876887562,-0.15521509789858773,0.06331524313855748,chr17:56769962_cases
0.07780236527672622,0.21765388215278453,-0.13683562876887562,-0.15521509789858773,0.06331524313855748,chr15:89787066_cases
-1.457368259022749,1.0472453439936928,1.4761863254813434,-0.4903271003799793,0.11450081603826545,chr3:37035043_cases
-0.7801499154626567,-0.5964076740866509,0.09630006472771027,-0.023517457162459243,0.01970654235106273,chr16:23652818_cases
0.7671920617478825,1.7856917876367029,4.392312763795204,2.13385872659162,2.402712887498891,chr6:43543815_cases
-0.11608795685251809,3.1862626201652517,0.5747087610889025,-0.2420343482702206,1.2252362595742203,chr17:56769929_cases
-1.062093551185824,-0.5850098769615465,-0.17958228956906655,0.7636428082163726,-0.1159756874814763,chr2:47630294_cases
-0.16423409834918704,0.649772398299626,-0.22458108427310708,0.3670957083488232,-0.37499318505641627,chr15:89787295_cases
1.4091183168436987,1.11449789697466,0.4899918734925971,0.6050797118208192,-1.2792391187539458,chr15:89787150_cases
-1.097935057947915,-0.29579410196571027,-0.5767252810645359,0.44392383100601845,0.3522170665678105,chr3:142297977_cases
-1.2626293156962456,-2.981107157854459,0.6707963934655026,-0.612268562709168,0.6571628118892648,chr3:37034344_cases
-2.140712548238427,-1.2135900099919859,-1.172717271184794,-0.23345495592694326,-0.599485480853656,chr6:43543798_cases
-1.6410123980859832,-0.8205185174325902,-0.03784152123751486,0.6803071547118489,0.21617692836189392,chr7:6048951_cases
-0.5814375235425849,0.144258853467251,0.17712243809423203,-0.14659000884821335,-0.4506838065958931,chr22:29138202_cases
0.21418090477872997,-0.07080580150648737,0.25182365097256815,-0.18216715223438978,-0.20738786946785298,chr17:41277153_cases
0.07780236527672622,0.21765388215278453,-0.13683562876887562,-0.15521509789858773,0.06331524313855748,chr2:58468578_cases
-0.638490846899082,-0.8053571780193027,-0.27417009393611336,-0.42743912535504425,-0.7372257943090829,chr11:108093584_cases
-1.1593812439234046,-0.6470998081288771,-0.7432049631392273,-0.3521667312942223,-0.23041968060782467,chr11:108093436_cases
2.9394882119356054,-0.02919447274953499,-0.47139739999213265,0.669408812740613,0.6765837109915005,chr2:47596849_cases
-1.4257829267072641,-0.2526428396052491,-0.5427880278805782,0.25767154407981696,-0.16559652920295817,chr3:37034402_cases
-0.26451906545357173,-0.4369617583885775,0.5709902261087185,-0.7224571451211222,-0.5664207095747211,chr16:23652857_cases
-2.2735807155242127,-0.8335712609110916,-1.196031532171772,-0.11405332627929024,0.38379777067726173,chr6:43543608_cases
1.5764238456308628,1.8379156311157308,1.6064865057620206,-0.24878243896723398,-2.6129327514957263,chr6:43543771_cases
-0.6749400176186559,-0.42093528491806725,0.07282770564355859,-0.7580268658014023,-0.0592448588998714,chr17:56769904_cases
-0.910222595825378,-0.14197410167178148,-0.5372717913243283,-0.33755791298447974,0.45234884719704,chr14:45604794_cases
0.07780236527672622,0.21765388215278453,-0.13683562876887562,-0.15521509789858773,0.06331524313855748,chr2:58468632_cases
-1.5598032267108597,-0.8851749003582148,-0.7538752129217565,0.20380244970952277,-0.43245284335102757,chr2:128051733_cases
0.3899585615670523,0.3679906461399162,-1.1444948198697869,-1.316805367251486,0.9805823918535372,chr3:37034330_cases
-0.8294682141569776,-0.3113461296633009,-1.3377723511724227,-0.4327277789883943,0.9106683455973753,chr17:56769891_cases
-0.33889546022828265,-0.791018519980341,0.4506334997623281,-0.3386400954461234,0.0021717966560550047,chr16:23652876_cases
-0.8311019777601927,-0.04850270716099345,-0.5606310239576833,0.3447651862720975,-0.33593940522645455,chr11:108093373_cases
2.318464549843887,-0.3400648942543968,-0.5353849011200265,0.6162760259666872,1.022700963790602,chr2:47596883_cases
-1.301484382993342,-0.7845281187061176,-0.7456477516579052,0.52616150890153,-0.4920633871581934,chr2:128051707_cases
0.6060357836559614,0.14805801405515126,-0.3280778012175764,0.132635030267092,-0.5506002142116566,chr11:108093485_cases
-2.7908235494188496,-1.1002660525476105,-0.08675648358673022,0.40558138073717104,1.0867615371870503,chr3:37035100_cases
0.42093212146341397,0.5795713427450015,-0.29522161347740183,0.23962317404961309,-1.7491792958521124,chr22:29138158_cases
-0.39629180968335265,0.6282369334121438,1.169647569757566,-0.8560986316054717,0.3154749123832997,chr6:43543775_cases
0.07780236527672622,0.21765388215278453,-0.13683562876887562,-0.15521509789858773,0.06331524313855748,chr2:58468576_cases
0.9048541423429658,-0.7248434874777816,2.384241687437958,-1.9918274757341017,0.9100290230983568,chr16:23652769_cases
-1.471032445919845,-0.6131421358353696,0.2851241842807851,-0.1751767647426736,-0.08902455955584254,chr17:41277117_cases
-1.6334408387357449,0.7741368624747956,1.8417026651170505,-1.7316111170401116,0.40286095451566956,chr10:89619522_cases
0.07780236527672622,0.21765388215278453,-0.13683562876887562,-0.15521509789858773,0.06331524313855748,chr17:56769948_cases
0.07780236527672622,0.21765388215278453,-0.13683562876887562,-0.15521509789858773,0.06331524313855748,chr22:29138052_cases
-1.5130338669158234,-1.4978856229170507,-0.2609891691898343,0.5221768156871817,0.6393207649965867,chr6:43543682_cases
0.07780236527672622,0.21765388215278453,-0.13683562876887562,-0.15521509789858773,0.06331524313855748,chr2:58468625_cases
-0.9473331243121577,2.0033789275837433,0.8844893961878678,0.26193903924336776,1.055041627301796,chr17:56770023_cases
0.07780236527672622,0.21765388215278453,-0.13683562876887562,-0.15521509789858773,0.06331524313855748,chr2:58468523_cases
0.014876946907477862,1.061487191201089,0.1929382012337219,0.35980278858277076,-0.23758116171479185,chr11:108093505_cases
0.07780236527672622,0.21765388215278453,-0.13683562876887562,-0.15521509789858773,0.06331524313855748,chr2:58468652_cases
0.07780236527672622,0.21765388215278453,-0.13683562876887562,-0.15521509789858773,0.06331524313855748,chr22:29137985_cases
-0.8591648858662669,-0.3277427241293451,-0.23219503336504807,-0.04666793447266232,-0.31039814215166694,chr11:108093395_cases
-2.71565173106666,-0.5409839345075025,0.21364739625711202,0.07056075783599584,0.1307159676943207,chr2:47630244_cases
-1.7191257012898147,-1.0194202136446477,-0.7030538455107868,-0.3574475503847842,-0.28198324587214657,chr6:43543571_cases
-1.1078721650596393,0.004646754681980584,-0.6806132117953396,-0.020108904286127646,0.6134735780369762,chr15:89787335_cases
0.07780236527672622,0.21765388215278453,-0.13683562876887562,-0.15521509789858773,0.06331524313855748,chr22:29137950_cases
-0.42395851238110144,0.17084098271527332,-0.04346031990779947,-0.5297673266748842,0.33010850757858623,chr22:29137993_cases
-0.6380450266938374,-0.4573877678524616,-0.4439124332684267,0.264087628321429,-0.3923021698157541,chr14:45604787_cases
-1.1629573602399648,-0.07388360332113172,0.4516847536979083,-0.32821233180766657,0.08158319203667476,chr22:29138219_cases
-1.0308298774668132,-3.2130565916986105,-0.7225836348670752,1.8075690713700996,-0.14350712914805802,chr7:6048884_cases
-0.7805034874918492,0.2274932748151963,-0.28779412163213464,0.2969969896779048,0.6314030120023013,chr6:43543578_cases
-1.2998559558562852,-1.7041775806372519,0.28878686363196876,0.8901460289609346,0.3224844874667199,chr3:37034420_cases
-0.34533586781214665,-0.3139589959157846,-0.5548706293601573,-0.08434811323998855,-0.1676477548440662,chr3:142298054_cases
0.031556030058495846,0.46661521332302053,0.7813895234011379,1.4204759120916273,1.3428627900559453,chr3:37035066_cases
-1.4519627854788988,-1.8153773687578538,0.21633519567749038,1.8004612940017009,0.06653380645258894,chr13:32889461_cases
0.07780236527672622,0.21765388215278453,-0.13683562876887562,-0.15521509789858773,0.06331524313855748,chr2:58468519_cases
-3.18739682040381,-3.205131281183914,0.42883260436459103,-0.08907580495605262,0.5108994330051653,chr7:6048876_cases
-2.74866816817106,-3.3355114399141974,0.705908107948921,0.24804509353302154,-0.11065216695269678,chr7:6048888_cases
-0.7204562398408927,-0.4475017882155525,0.1911003304429,0.06873607631589568,0.13256075504699916,chr11:108093419_cases
3.2410559459823745,-0.7174465323874702,-0.1659847843497038,0.9987706831402522,0.6585020935421789,chr2:47596858_cases
-2.1983659591378784,0.22600157985642289,-0.18406952239841545,0.6155973837965848,0.04359702815333523,chr2:128051716_cases
-0.7194011703393607,-0.6725940078400351,0.06311158059607129,-0.11699317631420621,0.1347382372852582,chr17:56769982_cases
-1.9044808388877097,-0.6800869970284217,-0.6920738758106985,0.10309069712225662,0.08392511020131828,chr15:89787205_cases
0.07780236527672622,0.21765388215278453,-0.13683562876887562,-0.15521509789858773,0.06331524313855748,chr17:56769966_cases
0.3423073354950802,0.3064453473606004,0.9625842621723463,0.837497225271106,-0.2615433012680691,chr16:23652787_cases
-2.429756822112395,-1.4258165089376826,-0.3118779083953923,-0.3649834714390697,0.6823380304574401,chr2:47630233_cases
-0.1190354152917386,-1.0933390983311762,0.36890946017826315,-0.4902364861044552,-0.5043059624919004,chr3:37035047_cases
-0.7278828475375069,-0.9438752920004199,-0.3586184054918364,0.4549599323193114,-0.11650949147866498,chr13:32889470_cases
-2.6061723906825067,-1.2560080532056708,-0.8895604905722634,0.590670956380272,0.3290888384508689,chr17:59941051_cases
0.07780236527672622,0.21765388215278453,-0.13683562876887562,-0.15521509789858773,0.06331524313855748,chr11:22647600_cases
0.07780236527672622,0.21765388215278453,-0.13683562876887562,-0.15521509789858773,0.06331524313855748,chr11:108093598_cases
0.37645397048117624,-0.3917360476788972,0.20987026890403504,-0.5492539277770235,-0.2116822431687426,chr17:41277106_cases
-0.16813530657527467,0.15483631819650867,-0.4785797885455466,0.573808255542401,-2.0399771543774925,chr3:37035095_cases
0.07780236527672622,0.21765388215278453,-0.13683562876887562,-0.15521509789858773,0.06331524313855748,chr2:58468513_cases
0.07780236527672622,0.21765388215278453,-0.13683562876887562,-0.15521509789858773,0.06331524313855748,chr11:22647745_cases
-0.7472413803921897,-0.3363817817251205,-0.5251413855179616,0.3385525635565,-0.049023765171473145,chr15:89787018_cases
0.4856797534530845,2.41407041846119,2.6404617287196843,1.0109788567527747,0.05709533070993581,chr6:43543669_cases
-0.841981880045873,-3.093004750387189,3.3132622996368277,0.6073536898428169,0.7029357199748012,chr7:6048940_cases
-0.5302387157935117,-0.3516117289115319,-0.051056596678006445,-0.06682816635045377,-0.5848239850678298,chr11:108093590_cases
-1.202417161037625,-0.5430284065444907,-0.948262311474523,0.2287771335318469,0.16327298081481753,chr15:89787171_cases
0.07780236527672622,0.21765388215278453,-0.13683562876887562,-0.15521509789858773,0.06331524313855748,chr22:29138062_cases
-0.44800572091215374,-0.22116549986321835,-0.10676375146154309,1.0154027489402278,0.024082447210482555,chr3:37035032_cases
-0.772311169349587,0.017905327170400574,0.26639243565763776,-0.27374512992213584,0.07583163151639931,chr22:29138134_cases
2.202456164040742,-0.6718374372388775,0.0471268295252514,1.302018776739797,0.32107901247894904,chr2:47596887_cases
0.07780236527672622,0.21765388215278453,-0.13683562876887562,-0.15521509789858773,0.06331524313855748,chr2:58468532_cases
-0.39674891029594844,-0.7861651621670844,0.02671555727124722,0.15382786249385783,-0.22023899045071385,chr6:43543766_cases
-0.12988818096119326,0.04570866045709784,1.0315225145363638,0.342876166993784,-0.5978928137057995,chr6:43543696_cases
-0.2957593087872064,-2.320982715393865,2.671834913742359,-1.163324053416882,-0.19985386623757947,chr3:37035074_cases
0.07780236527672622,0.21765388215278453,-0.13683562876887562,-0.15521509789858773,0.06331524313855748,chr15:89787272_cases
1.3281882896776989,1.137313557360169,-0.5506095751737632,1.0100257087019742,-0.3352953863363649,chr15:89787009_cases
-1.3846290152747354,-0.016706538244864764,0.07140436201594896,-0.7845233364277148,0.5459014161031793,chr6:43543749_cases
-0.45776212856927945,-0.3129764045269627,0.22575630315355227,0.1323390667904817,-0.3576799299779297,chr10:89619555_cases
0.07780236527672622,0.21765388215278453,-0.13683562876887562,-0.15521509789858773,0.06331524313855748,chr2:58468506_cases
-0.28270903448869217,0.34859256194186644,0.11171159612109378,0.14696038707268502,0.1969453658442378,chr11:108093359_cases
0.07780236527672622,0.21765388215278453,-0.13683562876887562,-0.15521509789858773,0.06331524313855748,chr17:56769944_cases
-0.9327655458085247,-0.9364052765330199,-0.1455100216216431,-0.458045145873364,0.12102740735243511,chr15:89787007_cases
0.23898840769223864,0.7211187725762273,0.032438427085993496,-0.04304952594577397,0.9424554072725257,chr10:89619566_cases
1.191468111642876,-2.180849506425106,2.1279356408556818,0.1008784328214413,0.7662623529667588,chr6:43543596_cases
-0.8038992356624417,0.010483176664993153,0.28137536948883196,-0.27814940577367897,0.0762967088148692,chr22:29138115_cases
-1.4856617965251697,-1.7522766058316885,0.7164692697326319,-0.9514998972895489,0.26573369774671557,chr3:37034324_cases
0.07780236527672622,0.21765388215278453,-0.13683562876887562,-0.15521509789858773,0.06331524313855748,chr15:89787113_cases
-0.4701989349832637,-0.05449431885429499,0.3799694160242682,-1.1072674409472254,-0.12299766325221767,chr3:37034352_cases
0.07780236527672622,0.21765388215278453,-0.13683562876887562,-0.15521509789858773,0.06331524313855748,chr11:22647774_cases
-0.7159948093831975,-0.3173469137072225,-1.0656380649160886,0.11877890907809846,0.11719395916967601,chr17:56769866_cases
0.7158814364982149,-1.3978907439468697,1.6431734046666018,-2.54129695154259,0.04340603679091416,chr6:43543708_cases
0.07780236527672622,0.21765388215278453,-0.13683562876887562,-0.15521509789858773,0.06331524313855748,chr22:29138078_cases
0.07780236527672622,0.21765388215278453,-0.13683562876887562,-0.15521509789858773,0.06331524313855748,chr11:22647618_cases
-0.25554922042674943,-0.9055952409980278,0.3244235297544025,-0.18849250563646766,-0.3980348367593073,chr17:41277115_cases
-2.7039053066965235,0.547948577344417,-0.24425877810627128,0.6648870428328243,0.8717015418395968,chr17:59941056_cases
0.41792349378321414,2.595679212643854,1.0047765827576915,1.0243161785259183,1.6417157049646307,chr15:89787288_cases
0.6192635622621033,0.6759524867213789,1.6436389795638888,-0.38564648004364194,-0.250131514878144,chr10:89619512_cases
0.07780236527672622,0.21765388215278453,-0.13683562876887562,-0.15521509789858773,0.06331524313855748,chr17:56770008_cases
-0.6147920473150669,-0.11278183950527258,0.38427046419948957,0.7912307800290501,0.2071912125327481,chr2:47630251_cases
5.335997021123753,0.031696028216525715,0.442252648827874,1.2099991459910158,1.510295082216189,chr2:47596862_cases
0.07780236527672622,0.21765388215278453,-0.13683562876887562,-0.15521509789858773,0.06331524313855748,chr2:58468537_cases
0.06565950739754829,0.23877472715418976,-1.4928926188090077,-0.3896035117633854,-0.17204438964364693,chr6:43543672_cases
-0.43403904203432964,0.09470083018622386,-0.12175792231343133,-0.1825573865882096,0.3205534346462193,chr11:108093413_cases
-0.052321365030245925,-2.162525468736872,-3.422933828287644,-1.336299218427289,0.829766421006584,chr17:59941187_cases
0.07780236527672622,0.21765388215278453,-0.13683562876887562,-0.15521509789858773,0.06331524313855748,chr2:58468823_cases
-0.7887458535718408,-1.4582979911934908,0.9322028801061879,-1.425847773741373,-0.11355081535259787,chr6:43543580_cases
0.07780236527672622,0.21765388215278453,-0.13683562876887562,-0.15521509789858773,0.06331524313855748,chr15:89787238_cases
0.19977055225014004,-0.22218159596290538,-0.5296063971103574,-0.25254240218496243,-0.4812485119508095,chr15:89787036_cases
-2.916115657041506,0.8463721156951863,1.0243061424894317,3.3995956243237258,-2.943764682805559,chr3:37035063_cases
-0.775298140258481,-0.09635267055040705,1.6021456961847738,0.9221476459478752,-0.0035803665911022207,chr6:43543786_cases
-3.9176614639029226,-3.1427923271984413,-0.8446747832812208,0.4909287524478767,-0.2849133482672012,chr11:108093335_cases
-0.2884981587578885,1.1901032267824694,0.03363469132143325,-0.600315080468961,0.6705019995937153,chr16:23652838_cases
0.07780236527672622,0.21765388215278453,-0.13683562876887562,-0.15521509789858773,0.06331524313855748,chr2:58468527_cases
-0.23116231278905505,-0.055498576359537574,-0.6707006808466784,-0.1829314588576058,0.5335336460600757,chr15:89787045_cases
-0.14930426294154076,-0.26869193294731564,0.2052192575732981,-0.469214487836081,0.29139010702097357,chr7:6048869_cases
0.07780236527672622,0.21765388215278453,-0.13683562876887562,-0.15521509789858773,0.06331524313855748,chr11:22647610_cases
-1.238376315144805,-1.474751751867971,0.8095786022116502,-1.0245499394381894,-0.22979681873972493,chr6:43543650_cases
2.344252028010936,-1.7341208188033594,0.9399879233351119,-0.22963771329610994,-1.2026031449668013,chr16:23652918_cases
-1.2442318069308642,-0.38107192936187956,-0.5071378816275133,0.017055487444311596,0.07706047817075891,chr15:89787293_cases
1.0924347882259282,-1.1210872909512615,1.334608306364342,0.007534696347330451,0.5178478603605782,chr17:56770038_cases
0.5820806015895588,3.080119519618635,0.21650303166111393,2.3984679098617487,-0.16478040980594866,chr6:43543806_cases
0.07780236527672622,0.21765388215278453,-0.13683562876887562,-0.15521509789858773,0.06331524313855748,chr15:89787168_cases
-0.9766328517902824,-0.5009757985289011,-0.8282735212438832,0.11122093282614388,0.6009079554206673,chr17:56769922_cases
-0.52113454722327,0.07692352329539517,0.14725368648608722,-0.23872395704163826,0.07213350882347058,chr22:29138091_cases
-0.1134574646356222,-2.6448658647163072,1.6829481378655398,0.24112333449458637,0.7426550987155047,chr6:43543642_cases
0.14357821049089323,-0.30425933916553377,-0.21615731968694848,0.5909685610682928,-2.536805590287444,chr3:37034348_cases
-0.06657231329914168,-0.31619870914200116,0.13210309398545816,-0.7640679735011803,0.1258240431597039,chr15:89787190_cases
0.07780236527672622,0.21765388215278453,-0.13683562876887562,-0.15521509789858773,0.06331524313855748,chr22:29138234_cases
-0.892035314282242,0.3197452236877824,1.1293245874635094,0.06559345805941717,-0.5402535058791409,chr17:41277232_cases
1.1959060946203204,0.16381945680342516,-0.8729721203280064,-0.3066622793081564,-0.25375824207378644,chr11:108093461_cases
0.07780236527672622,0.21765388215278453,-0.13683562876887562,-0.15521509789858773,0.06331524313855748,chr17:56770074_cases
-1.8755768690042718,-0.16280612635714048,0.20293236847513255,-0.3072807511870938,-0.4598198982354793,chr6:43543800_cases
-1.6293766829426546,-0.9495453141709461,-0.08558389623736645,0.05152775393687881,-0.2727476671102918,chr13:32889434_cases
0.07780236527672622,0.21765388215278453,-0.13683562876887562,-0.15521509789858773,0.06331524313855748,chr22:29137975_cases
2.035570974687701,0.6632000323302978,1.1735788743627518,-0.9738047119623584,-1.092439635449663,chr15:89787060_cases
17.60519080995035,2.0139607239135247,-3.091313817448577,-3.767831237698627,-0.6429341466412052,chr6:43543624_cases
-1.8775158591724526,0.08056987023774033,-0.8486238824334782,0.1796956503264113,-0.010140961336022061,chr6:43543822_cases
-2.5186804544915855,3.0510831447901463,-0.03428838795164598,-0.07845214796006361,1.7376882563814362,chr17:59941017_cases
-0.483127068999697,3.6111274477950857,3.7715270314544393,-0.029797280341363207,0.2931706322740912,chr17:59941067_cases
-1.2212857846443936,-1.0021223002067534,-0.7759573009208163,0.1560603561506264,0.10237953639780298,chr3:142298045_cases
10.943720137841025,-5.13191297775974,4.2314070892418245,7.141973606066654,2.412578058421689,chr2:47596907_cases
0.07780236527672622,0.21765388215278453,-0.13683562876887562,-0.15521509789858773,0.06331524313855748,chr11:22647649_cases
7.432275517662681e-05,0.3104218161852505,-0.0982432498079241,-0.029087052615889283,-0.6489699269815962,chr22:29138075_cases
2.2087045071333153,0.2679068949787648,-0.07952946035582224,-0.1464409705417385,0.6501660398949379,chr2:47596869_cases
1.0654209415637081,0.23867865251199175,0.7132571299546623,0.7557548386902322,0.7763085508460663,chr11:108093457_cases
-0.2777384910655369,2.017617068068773,4.014404363591092,-1.94855643923374,0.6037808709282773,chr6:43543554_cases
-0.0703467062816254,-0.3922595471529978,0.5666230701209157,-0.12590882636336118,-0.31301671330013486,chr17:41277214_cases
0.446180291541855,-0.6434785446145721,0.9241111937385884,0.4675622441309716,0.0791551741704576,chr3:37035097_cases
-1.1699740226951387,-1.4166377223319684,-0.37724481607358845,0.11539408913382981,0.06797750073316489,chr2:47630237_cases
-1.1811558006423892,-0.6551340358833498,-0.2567630254251012,0.4958979909748906,-0.014664319168147043,chr7:6048968_cases
-0.6996461974491364,0.08799880739316084,-0.21201040546535121,0.6231912270456842,0.2107815051045952,chr15:89787260_cases
0.2992294331891265,-0.8572110686028843,1.2610849322613003,-0.6541140316195692,-0.24009291376663097,chr2:47630240_cases
0.7078662101535422,-0.20753372775482146,-0.18047683951558444,-0.28498867726545396,0.07043387763717246,chr15:89787034_cases
-0.8429340419654789,-1.1048671363164093,-1.2777292303241838,0.7685129130322015,-1.2211150871692742,chr17:59941133_cases
-2.0793214176007924,-0.8381435745907552,-0.006465251517756123,0.4957973908739,-0.7394357682434108,chr10:89619506_cases
0.07780236527672622,0.21765388215278453,-0.13683562876887562,-0.15521509789858773,0.06331524313855748,chr15:89787226_cases
1.3911250648730302,1.7572740657767079,1.1980778617959333,2.223611026341908,0.607128114800006,chr16:23652911_cases
-0.8735682576943842,-0.6926081614509079,-0.7721947066896481,0.2631805769550679,0.3195965785579322,chr3:37034409_cases
0.07780236527672622,0.21765388215278453,-0.13683562876887562,-0.15521509789858773,0.06331524313855748,chr11:108093538_cases
-1.2902360296750748,-1.015287105473906,0.013408808735086737,0.4141906094811889,0.21958642706100595,chr11:108093451_cases
0.7243928557610636,-1.691286498822289,0.9042511651248456,-0.6883080632518559,-3.0038820275848943,chr17:59940975_cases
0.07780236527672622,0.21765388215278453,-0.13683562876887562,-0.15521509789858773,0.06331524313855748,chr15:89787223_cases
0.07781238173766679,1.005364469681434,0.7672174903769793,-0.6979965464948712,-0.48838185274155127,chr6:43543613_cases
-2.5255116401225584,-1.2731805827228053,-0.08273486362259046,0.2007022888603887,-0.665083664848825,chr3:37034359_cases
0.015995902059987264,6.470335075899912,2.9336161718713063,2.764135579492767,-2.302586476590705,chr17:59940970_cases
-0.045250816164292815,-0.6087006228680771,0.6343028903811992,-0.5945387897132721,-0.19473563989905454,chr2:128051743_cases
-1.070416964013571,0.40582659125223963,0.35979692186675866,-0.33564154047940925,0.14281073048220108,chr16:23652860_cases
0.07780236527672622,0.21765388215278453,-0.13683562876887562,-0.15521509789858773,0.06331524313855748,chr2:58468582_cases
-0.9002575172185845,-0.012157831526796127,0.3270802803986763,-0.2915844938335394,0.07771541070144525,chr22:29138238_cases
2.6891108134796227,1.2897521806489245,1.1423268635758381,0.393305886366685,-0.012179299932970492,chr2:47630224_cases
0.8229996157774147,-1.3709177572726112,0.8882255784553562,-0.6350046972868743,-0.7154473929287208,chr3:37034414_cases
-2.311733058014857,3.0199436438880554,0.008951510833356083,1.261951591175199,0.264545882598217,chr17:59940988_cases
0.48133625463101476,-0.41082918390672307,-0.45872443043366334,0.7737881561631943,1.139432439036388,chr17:56770069_cases
2.625032507647237,-1.71359239823485,-0.2273772423571438,1.3333245093149706,0.7454907064930514,chr2:47596942_cases
0.07780236527672622,0.21765388215278453,-0.13683562876887562,-0.15521509789858773,0.06331524313855748,chr15:89787120_cases
-1.1729782895406171,-0.34880247603034253,-0.48717974547007104,0.007770640345343527,0.07631965288500665,chr17:56770018_cases
-2.1096042419039587,-0.9099754216690832,-0.2533589955686538,-0.02485175235059176,0.1940071804533868,chr2:47630292_cases
0.6182043376860757,0.19767243045707455,1.6591772210314104,0.6151678113188307,0.8514681716045522,chr2:128051704_cases
-0.7813451380652356,-1.0146531798749812,-0.02466116926268502,0.72428722121926,-0.6646236782034548,chr17:41277174_cases
0.4551085795494812,0.5362557329409356,0.41418686962272155,0.5841372724372933,-0.17139867810577852,chr11:108093579_cases
-0.40015285220201763,-1.2957280550388592,0.8754723592225027,-2.07488931886077,0.01377060720508801,chr3:37034441_cases
-1.3891139618031654,-0.01573130877747311,0.4183875130231499,0.0979029964185007,-0.09570376218691651,chr7:6048966_cases
1.3315671844156276,0.1440519829657227,1.3971102696195723,1.2350424005081342,0.8360368225436373,chr11:108093439_cases
2.4087015533984473,-2.207071743807225,0.036815693640897734,1.7646778880174983,2.147335822600935,chr2:47596912_cases
0.129341158795116,0.42409447002631556,-0.35650354507110665,-0.2285672815196007,-0.029831188234944232,chr3:37034346_cases
-0.7977367299003366,-0.6322918762166082,0.1618253759905941,-0.471605991222972,-0.054469068557704156,chr7:6048904_cases
-0.9254938876793873,0.5097699029017508,-1.1002930504806636,-0.2607146465764685,0.23174317844590772,chr10:89619510_cases
0.3756142407785516,0.6428257654622741,0.09384876362461596,-1.0965519043203447,0.6723372493622755,chr17:56769883_cases
-2.564601068786617,-2.348755529804841,1.2211599497807548,0.5699359780922749,-2.173095052643058,chr3:37034418_cases
-0.32932186136937486,-0.3714820628208457,-0.07037400163362614,-0.1044532399538096,-0.2550761944156859,chr15:89787212_cases
0.07780236527672622,0.21765388215278453,-0.13683562876887562,-0.15521509789858773,0.06331524313855748,chr11:108093532_cases
-0.9885720501533478,-0.15937673157047957,0.41991647436986934,-0.317474685367032,0.631606531889372,chr22:29138185_cases
-0.30059737920717805,-1.0953079208846852,-0.6438323538320514,0.47975574737835697,-0.47148130122354015,chr3:37035090_cases
2.5604494312705324,-1.5838404432490596,0.14960934134705123,2.5808726910358484,0.7886447720548365,chr2:47596885_cases
-1.062626596983104,-0.6639202192056498,-1.1087810389090544,0.5409652651346316,0.1484158824115739,chr6:43543804_cases
0.07780236527672622,0.21765388215278453,-0.13683562876887562,-0.15521509789858773,0.06331524313855748,chr15:89787058_cases
0.33740955366405645,0.38439938545114055,-0.2797583046828805,0.038872647657938235,0.1387919880541201,chr3:142298019_cases
0.28214853429743,-0.1750994491391196,0.37553162966252085,-0.3313619599691839,-0.5230399184998099,chr17:41277160_cases
0.07780236527672622,0.21765388215278453,-0.13683562876887562,-0.15521509789858773,0.06331524313855748,chr15:89787077_cases
0.07780236527672622,0.21765388215278453,-0.13683562876887562,-0.15521509789858773,0.06331524313855748,chr2:58468555_cases
0.7262872392285804,-0.32218183101819164,-0.4668981003542675,-0.7579128966192257,-1.481297369838464,chr6:43543794_cases
-0.986182407572182,1.1837406137202755,0.10459746259600487,0.6826887872691915,-0.13601063520929615,chr15:89787032_cases
-6.231398660981486,-4.6019220608586275,0.596748248575322,-0.29485063883726587,-1.5623850297058466,chr6:43543701_cases
-0.36605749507057295,-0.46831474765171277,0.3925066545214769,-1.501802885059084,0.24780163090878204,chr3:37034382_cases
-0.23741631906218044,-0.007511305704393311,0.09819748955525363,0.046570667604230453,-1.6906855037957371,chr16:23652783_cases
-1.247058009427664,0.30719579713383227,-1.2944290344169576,0.5604142679009377,-1.2049901838576764,chr6:43543615_cases
2.426149598087319,-1.3234377056808346,-0.9252937844141654,1.0119891897619897,0.8402839441677825,chr2:47596830_cases
0.07780236527672622,0.21765388215278453,-0.13683562876887562,-0.15521509789858773,0.06331524313855748,chr17:56770093_cases
-0.037462052565300406,-0.12813516548087234,0.2614968263933657,-0.17455147000391918,-0.15469467570154113,chr2:128051709_cases
-1.3784055077257682,-2.034872991838043,2.2812922801293727,-0.8252058853715116,-1.0551035329568021,chr16:23652797_cases
-0.36090576045413697,-2.029721602321321,0.26990799060875936,-1.0068555553835468,-0.03351021276498641,chr3:37034412_cases
-0.751688159107454,0.20997444494866366,-0.13646463527486669,0.1357067627867876,0.22581670525990555,chr17:56769956_cases
0.07780236527672622,0.21765388215278453,-0.13683562876887562,-0.15521509789858773,0.06331524313855748,chr11:108093529_cases
2.500338172858985,-0.2008752989386403,0.03695153902450066,-0.8662447104368242,-0.09021757928636716,chr15:89787048_cases
-0.20176939308255787,0.08786687218199117,-0.0615248945993551,0.13501474539501374,-0.2151569952786208,chr6:43543747_cases
4.379358542840734,0.2440416395413604,0.05712967061874537,2.584008130250779,0.9809890788662237,chr2:47596840_cases
0.07780236527672622,0.21765388215278453,-0.13683562876887562,-0.15521509789858773,0.06331524313855748,chr11:108093476_cases
0.07780236527672622,0.21765388215278453,-0.13683562876887562,-0.15521509789858773,0.06331524313855748,chr11:22647764_cases
0.9324811066179184,0.8351218866578308,-1.0478344627242189,-0.9005500007235863,-0.10986066259658556,chr22:29138216_cases
3.159846561766817,-1.1293348449331946,-0.4391405637017547,1.8215254225674689,0.9286220183687449,chr2:47596897_cases
-0.009737064153435985,0.5124540669024602,1.1307129763940593,-0.2712092196079803,0.32441315524724723,chr10:89619550_cases
-1.7131088397067653,-1.0774030520604165,-0.6121258415679324,-1.0864282147942876,1.1151110399599418,chr3:37034316_cases
-0.6710415417576842,-1.4942378673167682,-0.20116097910171712,1.1037884800393367,-0.001834963698325131,chr3:37034369_cases
-0.35014476468924305,-0.12779707283488015,-0.6581842957351731,0.6818665832192259,-0.6234241463068299,chr3:37034997_cases
0.07780236527672622,0.21765388215278453,-0.13683562876887562,-0.15521509789858773,0.06331524313855748,chr15:89787103_cases
1.24863775237078,1.499504700378312,1.2101086569672919,-0.8407730804123421,-0.69834764046783,chr11:108093402_cases
-0.2571626361651403,0.12062257130176651,-0.23006870593863982,0.9688315042463365,0.10500021243157386,chr15:89787182_cases
-0.5264738398778449,-0.10820196817108915,-0.4965007711741332,-0.11235444585538944,0.264230897940236,chr15:89787304_cases
-0.6999215391773883,0.6239403783529386,-0.8304724391881508,-0.15391422564198082,-0.5920925034430865,chr3:37034394_cases
0.07780236527672622,0.21765388215278453,-0.13683562876887562,-0.15521509789858773,0.06331524313855748,chr2:128051674_cases
0.9592035691756862,-0.47915499232513914,-0.2088796879427771,-0.3084592259234907,0.1412936196802865,chr6:43543657_cases
-1.0431001414807926,-0.4150446723967213,-0.024480134329443924,-0.30916287408510285,0.1280573485747929,chr11:108093560_cases
-0.7793241426923828,-0.49904935286556057,1.1207224425727453,-0.43832133936362644,0.22420280767237044,chr3:37034438_cases
2.19367884362871,0.6073612195239697,-1.6595254122886485,0.7004106026213461,-0.8861454301091354,chr17:56769912_cases
0.07780236527672622,0.21765388215278453,-0.13683562876887562,-0.15521509789858773,0.06331524313855748,chr11:22647622_cases
0.07780236527672622,0.21765388215278453,-0.13683562876887562,-0.15521509789858773,0.06331524313855748,chr15:89787164_cases
2.8921529123061136,-0.17801015054890484,0.3968410945502735,-2.226698041245602,-1.436534216874304,chr6:43543698_cases
-1.4078745915397155,4.085197159021901,0.7101810129838013,-0.04590967267793727,1.7115050859573389,chr17:59941202_cases
-4.440501284749637,2.09946109982332,0.038259308103802465,0.9298507368199894,1.0708536918250682,chr17:59941191_cases
0.992076443165481,-1.5596055533703657,1.5732825117477358,-3.0920585586417357,3.5526663878788156,chr17:59941136_cases
0.8041589211801058,0.1371498013000197,-0.09447604075134365,1.1354565958994922,-0.3003148230320652,chr11:108093567_cases
0.20619796507557125,2.8963215764764536,0.2411650454599772,-0.0664662054256444,0.5217891714433969,chr17:56769895_cases
0.07780236527672622,0.21765388215278453,-0.13683562876887562,-0.15521509789858773,0.06331524313855748,chr2:58468530_cases
-1.2586872009573795,3.891510145774223,1.2871476387126808,0.3378285701905733,1.178397798952648,chr6:43543705_cases
8.618667356017571,-1.2993979184461297,1.4160841826188917,-0.7826488661327277,0.44544630207637337,chr2:47630265_cases
-0.9844327845903591,-0.06956874864999936,-0.9606069818572863,-0.2880981234706319,0.6862225978598258,chr17:56770057_cases
0.6827679152009599,0.2668084397920369,0.14217791611529088,0.7857420367028375,-0.3516855508947563,chr11:108093572_cases
0.07780236527672622,0.21765388215278453,-0.13683562876887562,-0.15521509789858773,0.06331524313855748,chr22:29138168_cases
-0.1479947709163667,-0.0680808223729401,-2.0158554453687856,0.1295758443731208,-0.5172341631704889,chr17:59941110_cases
-1.4101149518738698,-1.3142040261974832,-0.1519340799391401,-0.1678520975856948,-1.0725325585916925,chr7:6048918_cases
0.07780236527672622,0.21765388215278453,-0.13683562876887562,-0.15521509789858773,0.06331524313855748,chr11:22647651_cases
-0.8041756803700784,-1.9160864837351905,-2.754219420593401,0.3637463577887868,-1.7780069738987065,chr17:59940997_cases
-0.5211345472232698,0.0769235232953952,0.14725368648608717,-0.23872395704163824,0.07213350882347057,chr22:29138179_cases
1.6549577407197997,-5.147268981027603,-2.0337846238399266,5.351610106688473,2.830201174394035,chr2:47596853_cases
3.2716414494876793,-0.5115742365637165,2.7097309777325775,-1.6374762067257487,-1.6200282212068862,chr16:23652906_cases
0.07780236527672622,0.21765388215278453,-0.13683562876887562,-0.15521509789858773,0.06331524313855748,chr2:58468737_cases
0.07780236527672622,0.21765388215278453,-0.13683562876887562,-0.15521509789858773,0.06331524313855748,chr2:58468618_cases
0.07780236527672622,0.21765388215278453,-0.13683562876887562,-0.15521509789858773,0.06331524313855748,chr22:29137964_cases
-0.81795626011515,0.8703145803024381,0.11273885723725463,0.2372514007820762,0.17778697044309588,chr15:89787087_cases
0.8777177934306585,-0.5420651361976178,1.4326904706037695,-0.02228276544544458,-0.3454732259868331,chr17:41277187_cases
0.07780236527672622,0.21765388215278453,-0.13683562876887562,-0.15521509789858773,0.06331524313855748,chr17:56769941_cases
0.07780236527672622,0.21765388215278453,-0.13683562876887562,-0.15521509789858773,0.06331524313855748,chr11:22647661_cases
-1.4279188044843845,-0.036094012472284887,-0.8119510057476349,-0.022859669483584193,0.14979523299235256,chr6:43543691_cases
0.07780236527672622,0.21765388215278453,-0.13683562876887562,-0.15521509789858773,0.06331524313855748,chr17:56770010_cases
-0.40819220818144747,0.8307100272143685,0.3758750227239622,0.6216182139056563,0.11395884042408307,chr2:47630227_cases
-0.6060770594695722,1.2905916601622445,-0.5816905608099268,-0.14521914324927335,0.2620801655359571,chr17:56769830_cases
-0.792763430961945,-0.601778308718549,-0.4211437737495424,0.04754439745212373,-0.8107092850817481,chr3:37035117_cases
-1.1468269499588248,1.042084654893098,-0.5298167653070509,-0.04188474776702325,-0.8200732629352995,chr6:43543548_cases
0.07780236527672622,0.21765388215278453,-0.13683562876887562,-0.15521509789858773,0.06331524313855748,chr17:56769936_cases
-2.692664218176748,-2.881859084622585,-0.3398409033755222,-0.6235954253437712,0.8057596275157647,chr10:89619580_cases
0.07780236527672622,0.21765388215278453,-0.13683562876887562,-0.15521509789858773,0.06331524313855748,chr22:29138176_cases
0.3527005865997901,1.3893155105288266,0.5826220190937295,0.3035274018883228,-0.19835981020967203,chr15:89786999_cases
2.3554077809379184,-0.579507327689075,-0.5975829570717491,0.5708537150618824,0.6133495476675778,chr2:47596930_cases
0.5395356776373562,1.0769490888128845,0.33844756752420596,0.7648002073583483,0.6988960759256068,chr17:59941201_cases
0.07780236527672622,0.21765388215278453,-0.13683562876887562,-0.15521509789858773,0.06331524313855748,chr15:89787109_cases
-0.6799152772522603,-0.11331587524166359,-1.1068770331508282,-0.09670688779112925,-0.23293050248428945,chr6:43543763_cases
0.14377236543848473,2.6361190730838784,0.3957785243832269,0.3127891821279367,-0.790882916112152,chr11:108093371_cases
-1.4847123208328643,-0.4821547042173316,-0.8037634539413835,-0.10341793941872703,0.24899582458277347,chr6:43543781_cases
2.1752052810960407,0.026840808145890436,2.734323784384079,0.05113847500728531,-1.351230221770442,chr16:23652916_cases
-2.2560715401133873,-0.20233915834849134,0.7151605195226349,-0.42185188797025597,0.46608485025253243,chr3:37034355_cases
-0.0884162365992341,-0.43583701811232733,-0.23622778529989247,-0.0885515711294365,0.3935039316472904,chr11:108093386_cases
1.9394567867420753,1.813683215071279,0.3949034867198993,-0.15299357442438638,1.3007484941941574,chr11:108093323_cases
-0.0016175883022160897,0.6549003687155883,1.2190089351064979,-0.1216345691776009,0.3757536268401679,chr11:108093467_cases
1.0598348987416406,0.33817106583659295,-0.1285347225734224,2.4175564898682653,1.4568561812438514,chr6:43543777_cases
0.07780236527672622,0.21765388215278453,-0.1368356287688756,-0.15521509789858773,0.06331524313855748,chr2:58468599_cases
0.07780236527672622,0.21765388215278453,-0.13683562876887562,-0.15521509789858773,0.06331524313855748,chr15:89787184_cases
-2.2621213367999893,-0.8193029783402669,0.6937942372617826,0.005521130417973782,-0.3859780594242871,chr7:6048925_cases
