Site,values_controls,values_cases,average_zscore_cases,shapiro_test_controls,shapiro_test_cases,test,p_value,log10_p_value,p_value_bonferroni,log10_p_value_bonferroni
chr3:37034373,[ 0.82337956 -1.48518754  0.52149387 -0.575778    0.71609211],[ 0.50818052  0.24034943 -0.30374328  0.41170523  1.76318846],0.5239360720952243,"['parametric', 0.8520860075950623, 0.20120257139205933]","['parametric', 0.8941047787666321, 0.3781653642654419]","['t-student', -0.9324783881242006, 0.3783724892372551]",0.3783724892372551,0.4220804478695914,1,-0.0
chr2:47596900,[-0.77651121  0.61409325 -1.36189684  0.80332168  0.72099312],[ 4.55912668  0.42708422  0.25014168 -1.26911399 -0.1193844 ],0.7695708371963073,"['parametric', 0.8104740381240845, 0.09836450964212418]","['parametric', 0.8146827816963196, 0.10616698116064072]","['t-student', -0.7070359976847127, 0.49961756847923355]",0.49961756847923355,0.30136229856163954,1,-0.0
chr6:43543618,[ 0.19534455 -0.37509828 -1.04251639  1.60796234 -0.38569222],[-1.04251639  0.50646468 -1.04251639 -1.04251639 -1.04251639],-0.7327201768884248,"['parametric', 0.9042593836784363, 0.4338730275630951]","['non-parametric', 0.5521818399429321, 0.0001309789950028062]","['wilcoxon', 19.0, 0.18122053638510982]",0.18122053638510982,0.7417925884839338,1,-0.0
chr13:32889484,[ 0.21292112 -1.44186435  1.3495845  -0.21367693  0.09303566],[ 0.3594952   0.07882057 -0.34183378 -1.06107756  1.97235524],0.20155193221946788,"['parametric', 0.958705723285675, 0.798943042755127]","['parametric', 0.9428989887237549, 0.6865005493164062]","['t-student', -0.29937253745987663, 0.7722859829614193]",0.7722859829614193,0.11222184756192934,1,-0.0
chr11:108093338,[-0.5  1.5 -0.5 -0.5],[-0.23542601  0.3383659   0.38638498  0.33786982  1.13888889],0.39321671518235424,"['non-parametric', 0.6297762393951416, 0.001240724348463118]","['parametric', 0.8940126299858093, 0.37768301367759705]","['wilcoxon', 5.0, 0.2622393495020251]",0.2622393495020251,0.5813021410616763,1,-0.0
chr22:29138102,[-0.4472136   1.78885438 -0.4472136  -0.4472136  -0.4472136 ],[-0.4472136  -0.4472136   1.93596412],0.347178975453913,"['non-parametric', 0.5521817207336426, 0.00013097839837428182]","['non-parametric', 0.7499999403953552, -9.106917104872991e-07]","['wilcoxon', 6.0, 0.6962703401140228]",0.6962703401140228,0.15722210460779837,1,-0.0
chr2:47596828,[-0.66051527  0.32409022 -1.37531297  1.08189536  0.62984265],[6.20060368 1.42067276 1.21600571 0.84411754 0.66540526],2.069360987926233,"['parametric', 0.9453652501106262, 0.7040743231773376]","['non-parametric', 0.6721370816230774, 0.004783610813319683]","['wilcoxon', 2.0, 0.031746031746031744]",0.031746031746031744,1.4983105537896004,1,-0.0
chr6:43543733,[ 1.02410796 -0.77969165 -1.20149673  0.94848061  0.00859981],[ 2.89938598 -0.38585155 -1.20149673 -1.20149673 -1.20149673],-0.21819115121741262,"['parametric', 0.8990224003791809, 0.4045059382915497]","['non-parametric', 0.6752684712409973, 0.005183908622711897]","['wilcoxon', 16.5, 0.4506437276804216]",0.4506437276804216,0.34616666931677265,1,-0.0
chr7:6048892,[-0.12792082  0.49007562 -1.23227982  1.39589283 -0.52576781],[ 2.30475004 -0.21814981 -0.29626789 -0.73432797  0.63715583],0.3386320403060088,"['parametric', 0.9919868111610413, 0.9861682057380676]","['parametric', 0.8662603497505188, 0.25160887837409973]","['t-student', -0.48328973042192885, 0.641839463662481]",0.641839463662481,0.1925735837130185,1,-0.0
chr15:89787154,[-1.6072293  -0.08669957  0.27269837  1.11371865  0.30751185],[-0.93363958 -0.71588428 -1.09788929 -1.6072293  -1.03911929],-1.0787523488428008,"['parametric', 0.9059192538261414, 0.44346022605895996]","['parametric', 0.92061847448349, 0.533937394618988]","['t-student', 2.291084306625795, 0.05117815742503751]",0.05117815742503751,1.290915354137457,1,-0.0
chr3:37034430,[ 0.19523998 -1.4296122  -0.09745861  1.38065504 -0.04882421],[-0.44307942 -0.99940929 -0.10447182 -1.55720768  0.44307227],-0.5322191877703013,"['parametric', 0.9394066333770752, 0.6617462635040283]","['parametric', 0.9906644225120544, 0.9819691777229309]","['t-student', 0.9400338218671707, 0.3747126418863871]",0.3747126418863871,0.4263016546273575,1,-0.0
chr22:29138031,[ 1.15470054 -0.57735027 -0.57735027],[-0.57735027  0.45580284 -0.57735027],-0.23296589809406018,"['non-parametric', 0.75, -9.106917104872991e-07]","['non-parametric', 0.7500001192092896, -9.106917104872991e-07]","['wilcoxon', 5.0, 1.0]",1.0,-0.0,1,-0.0
chr3:37035012,[ 0.128408   -0.21505371 -0.94537543 -0.60447922  1.63650037],[ 0.80551916 -3.49090804 -1.23544295 -1.24726172 -1.65907224],-1.365433157081,"['parametric', 0.8957729339599609, 0.3869653642177582]","['parametric', 0.9359145760536194, 0.6372178792953491]","['t-student', 1.6714030672204128, 0.1331857724127499]",0.1331857724127499,0.8755421662517238,1,-0.0
chr17:59941053,[ 1.58652474  0.14478618 -0.35801975 -1.12870539 -0.24458577],[ 2.39396404  1.46947302 -2.13747896 -2.13747896 -1.43408243],-0.3691206558237383,"['parametric', 0.9273746013641357, 0.5785797238349915]","['parametric', 0.8190139532089233, 0.11473701149225235]","['t-student', 0.34875984997613557, 0.7362705833976251]",0.7362705833976251,0.13296255077047592,1,-0.0
chr7:6048928,[ 1.15151654 -1.44058855 -0.4958092   0.54222089  0.24266032],[-0.58993354 -0.01345651 -0.60988142 -0.54783289 -0.3348034 ],-0.41918155295704995,"['parametric', 0.9735312461853027, 0.8973963856697083]","['parametric', 0.8264207243919373, 0.13074177503585815]","['t-student', 0.9089255331646997, 0.38995005120018333]",0.38995005120018333,0.4089910183001082,1,-0.0
chr2:128051690,[-0.47994718 -0.75177578 -0.25882236  1.75190869 -0.26136336],[-0.39500075 -0.18017359 -0.54221629 -0.63984636 -0.60043961],-0.4715353171402553,"['non-parametric', 0.737380862236023, 0.022646207362413406]","['parametric', 0.896275520324707, 0.38964423537254333]","['wilcoxon', 16.0, 0.5476190476190477]",0.5476190476190477,0.26152145438030755,1,-0.0
chr3:37035043,[-0.52005436 -1.52598848  0.66083925  0.74158963  0.64361395],[-1.52057659 -1.13127812 -1.22587772  1.56787515  0.32662109],-0.3966472360043086,"['parametric', 0.802943229675293, 0.08561736345291138]","['parametric', 0.8573206663131714, 0.21878741681575775]","['t-student', 0.5379537907457899, 0.6052473554955533]",0.6052473554955533,0.21806709944293767,1,-0.0
chr16:23652818,[ 0.16467471 -1.49395712  0.08330786  1.31501614 -0.06904159],[-0.21444114 -0.64785343 -0.86257461 -0.64785343 -0.07227269],-0.4889990605487018,"['parametric', 0.9248320460319519, 0.5615777969360352]","['parametric', 0.9035927057266235, 0.4300597906112671]","['t-student', 1.0379512959255446, 0.329644330030241]",0.329644330030241,0.48195438983611666,1,-0.0
chr6:43543815,[-0.08565988  0.99460107  0.58999949 -1.62466178  0.1257211 ],[ 4.97905547 -1.62466178 -1.62466178  4.47961467  1.42747644],1.5273646018779172,"['parametric', 0.9062489867210388, 0.4453805088996887]","['parametric', 0.8483718633651733, 0.18942686915397644]","['t-student', -1.023827135880741, 0.3358760142297276]",0.3358760142297276,0.47382100913723724,1,-0.0
chr17:56769929,[-0.4472136  -0.4472136  -0.4472136  -0.4472136   1.78885438],[-0.4472136  -0.4472136   0.90152582  3.38604579 -0.4472136 ],0.5891861654999451,"['non-parametric', 0.5521817207336426, 0.00013097839837428182]","['non-parametric', 0.740926206111908, 0.024474410340189934]","['wilcoxon', 10.0, 0.6072355437741112]",0.6072355437741112,0.21664281548349737,1,-0.0
chr2:47630294,[ 1.40210196 -0.68211154 -1.02794844  0.6360251  -0.32806708],[ 0.22831981 -0.45791522 -1.3278811  -0.69029153 -0.71440748],-0.5924351031841812,"['parametric', 0.93436598777771, 0.6264302730560303]","['parametric', 0.9559518694877625, 0.7795516848564148]","['t-student', 1.1555373209249264, 0.28121365950164]",0.28121365950164,0.5509635879832563,1,-0.0
chr15:89787295,[-0.4472136  -0.4472136   1.78885438 -0.4472136  -0.4472136 ],[-0.13431671  0.43009537 -0.4472136   0.3641031  -0.4472136 ],-0.046909085245347704,"['non-parametric', 0.5521817207336426, 0.00013097839837428182]","['parametric', 0.8373074531555176, 0.1576157510280609]","['wilcoxon', 9.0, 0.4801768899060772]",0.4801768899060772,0.31859874562798135,1,-0.0
chr15:89787150,[ 1.78885438 -0.4472136  -0.4472136  -0.4472136  -0.4472136 ],[ 0.74342     1.91361354 -0.4472136   1.03147652  0.55474036],0.7592073654472061,"['non-parametric', 0.5521817207336426, 0.00013097839837428182]","['parametric', 0.9766259789466858, 0.9158149361610413]","['wilcoxon', 6.0, 0.18122053638510982]",0.18122053638510982,0.7417925884839338,1,-0.0
chr3:142297977,[ 0.38780875  1.15124955  0.52261329 -1.28169367 -0.77997792],[-0.01710788 -0.7212562  -0.67487363 -0.57299118 -0.96035139],-0.5893160566951055,"['parametric', 0.9325987100601196, 0.6141959428787231]","['parametric', 0.8961190581321716, 0.3888090252876282]","['t-student', 1.2437584056694075, 0.24879670383277538]",0.24879670383277538,0.6041553776657834,1,-0.0
chr3:37034344,[ 0.13498729 -0.99487966  1.50748538  0.18107593 -0.82866894],[ 0.2717253  -2.2102348  -1.41475947 -2.60616414  0.85307775],-1.0212710730757433,"['parametric', 0.9090498685836792, 0.4619017541408539]","['parametric', 0.906549870967865, 0.4471375644207001]","['t-student', 1.2539962261218196, 0.24524432833852894]",0.24524432833852894,0.6104010275759945,1,-0.0
chr6:43543798,[ 0.42339683  0.12749707 -1.30306445 -0.57880278  1.33097333],[-2.00298118 -0.78979218 -1.25852429 -2.00298118 -1.12244077],-1.4353439188660173,"['parametric', 0.9925896525382996, 0.9879307746887207]","['parametric', 0.8720877170562744, 0.2749805748462677]","['t-student', 2.817560746019598, 0.02257854266663072]",0.02257854266663072,1.6463040930694122,1,-0.0
chr7:6048951,[ 0.32148361 -1.08961075  0.81029676  0.99181369 -1.0339833 ],[ 0.02497115 -1.11910299 -1.55768073 -0.79505876 -0.81364589],-0.8521034421595344,"['parametric', 0.8358821272850037, 0.15385736525058746]","['parametric', 0.9508710503578186, 0.7434101104736328]","['t-student', 1.6485791897969324, 0.13784550761481096]",0.13784550761481096,0.8606073829850459,1,-0.0
chr22:29138202,[-0.77792163  0.20817621  1.63253976 -0.77792163 -0.28487271],[-0.77792163 -0.06663794 -0.77792163],-0.5408270682481109,"['parametric', 0.8464844226837158, 0.18365955352783203]","['non-parametric', 0.7500000596046448, -9.106917104872991e-07]","['wilcoxon', 10.0, 0.5252340496337509]",0.5252340496337509,0.27964712742506087,1,-0.0
chr17:41277153,[ 1.60707265 -0.75947651 -0.75947651 -0.40449414  0.31637451],[ 0.09479002  0.09977989 -0.32408377 -0.13361745  0.41813186],0.031000109855696855,"['parametric', 0.8395770788192749, 0.16375625133514404]","['parametric', 0.9687291383743286, 0.8670360445976257]","['t-student', -0.0667645908884682, 0.9484075126672756]",0.9484075126672756,0.023005014481892884,1,-0.0
chr11:108093584,[ 0.01735969 -1.2212778   1.22784633 -0.02392822],[-1.04774888 -0.05942916 -0.81309044 -1.2212778   0.08379181],-0.6115508938962924,"['parametric', 0.9521044492721558, 0.7292817831039429]","['parametric', 0.8793039321899414, 0.3061685860157013]","['t-student', 1.1510494020833235, 0.2875076081503498]",0.2875076081503498,0.5413506583343655,1,-0.0
chr11:108093436,[ 0.45122414  0.57562754 -1.49776255  0.47091087],[-1.20686902 -0.53767059 -0.58914405 -1.20246154 -0.56671796],-0.8205726288833356,"['non-parametric', 0.6799579858779907, 0.006615533493459225]","['non-parametric', 0.72574782371521, 0.01746983267366886]","['wilcoxon', 15.0, 0.2857142857142857]",0.2857142857142857,0.5440680443502757,1,-0.0
chr2:47596849,[-0.72412659  1.16915095 -1.2592086   0.09751786  0.71666638],[ 3.62300371  1.27104014  1.47037942 -0.19481053  0.58867172],1.3516568939134634,"['parametric', 0.962099015712738, 0.8225195407867432]","['parametric', 0.927724301815033, 0.5809361338615417]","['t-student', -1.733939839178887, 0.12115482293917629]",0.12115482293917629,0.9166592927589987,1,-0.0
chr3:37034402,[ 0.68129755  1.23727232 -0.91065184 -1.08178023  0.07386221],[-0.84350886 -0.55280801 -1.00837704 -0.62993479 -0.93600102],-0.7941259437902503,"['parametric', 0.9269512295722961, 0.5757326483726501]","['parametric', 0.923272967338562, 0.5512703061103821]","['t-student', 1.7425638911747972, 0.11957744794179236]",0.11957744794179236,0.9223507196616817,1,-0.0
chr16:23652857,[ 1.60705726 -0.89414097  0.27801555 -0.33796466 -0.65296717],[-0.89414097 -0.17317168 -0.73216392 -0.45896909  0.80157879],-0.29137337383126505,"['parametric', 0.8902835249900818, 0.3585309684276581]","['parametric', 0.8875922560691833, 0.3451409339904785]","['t-student', 0.5413361311630986, 0.6030202386976854]",0.6030202386976854,0.21966811172846304,1,-0.0
chr6:43543608,[ 1.16888649  0.64766141 -1.46148193 -0.26492218 -0.09014379],[-1.46148193 -1.46148193 -0.79961048 -1.46148193 -1.46148193],-1.329107637769837,"['parametric', 0.9687552452087402, 0.8672062158584595]","['non-parametric', 0.5521817207336426, 0.00013097815099172294]","['wilcoxon', 22.0, 0.04490858989614264]",0.04490858989614264,1.3476705813197962,1,-0.0
chr6:43543771,[-0.97143374  0.7609921   1.23712238 -0.97143374 -0.055247  ],[-0.97143374  2.69331322 -0.97143374  1.92849647  1.71801766],0.8793919748114656,"['parametric', 0.8892785310745239, 0.35348835587501526]","['parametric', 0.8231142163276672, 0.12338011711835861]","['t-student', -0.9848739917719893, 0.3535312275280711]",0.3535312275280711,0.4515722188002029,1,-0.0
chr17:56769904,[-1.03172304  1.11211704  0.17418701  0.77714203 -1.03172304],[-1.03172304 -0.64324195 -0.41593918 -0.60610773  0.26418029],-0.4865663208719388,"['parametric', 0.8662656545639038, 0.25162941217422485]","['parametric', 0.9278450012207031, 0.5817503929138184]","['t-student', 0.98254712642456, 0.3546077358946103]",0.3546077358946103,0.45025179434227663,1,-0.0
chr14:45604794,[-1.20120819 -0.19850997 -0.12180082 -0.05940733  1.58092631],[-0.67163299 -0.83540903 -0.1128801  -0.49573837 -0.5449572 ],-0.5321235371929238,"['parametric', 0.8861300945281982, 0.3380182087421417]","['parametric', 0.9462779760360718, 0.7105907201766968]","['t-student', 1.1491181994133859, 0.2837011709069041]",0.2837011709069041,0.5471388717566402,1,-0.0
chr2:128051733,[ 0.19529124 -0.28795494  0.83463756 -1.57661142  0.83463756],[-0.99261354 -0.53709519 -1.23278025 -1.393598   -0.91590195],-1.0143977879453197,"['parametric', 0.8775563836097717, 0.29838401079177856]","['parametric', 0.970922589302063, 0.881141722202301]","['t-student', 2.1554951186725773, 0.06323165599075628]",0.06323165599075628,1.1990654441834612,1,-0.0
chr3:37034330,[-0.39372896  1.37159957 -0.84409181 -0.85500512  0.72122632],[-0.62531323 -0.46876422  1.76177299 -0.35706268 -0.11976579],0.03817341179898357,"['parametric', 0.8627568483352661, 0.2383164018392563]","['non-parametric', 0.7252309322357178, 0.01726660132408142]","['wilcoxon', 10.0, 0.6904761904761905]",0.6904761904761905,0.16085129249894436,1,-0.0
chr17:56769891,[ 0.15281894 -0.98975259  0.4955904   1.33109584 -0.98975259],[-0.50434638 -0.98975259  0.57376635 -0.98975259 -0.98975259],-0.5799675624714059,"['parametric', 0.90347820520401, 0.42940714955329895]","['non-parametric', 0.7264553308486938, 0.017751507461071014]","['wilcoxon', 16.0, 0.5038124288130608]",0.5038124288130608,0.2977311228673853,1,-0.0
chr16:23652876,[-0.09865135  1.09274817 -0.50789967  0.85690448 -1.34310163],[-0.04741066 -0.60285099 -0.7172926  -0.70480956  0.53101138],-0.30827048449402655,"['parametric', 0.9490368366241455, 0.7303057312965393]","['parametric', 0.8251821398735046, 0.1279422491788864]","['t-student', 0.6055143226522246, 0.5616178784485735]",0.5616178784485735,0.2505590754010929,1,-0.0
chr11:108093373,[ 0.19530295  1.33707407 -0.76618851 -0.76618851],[-0.47228282 -0.03988201 -0.76618851 -0.46437505 -0.76618851],-0.5017833820947744,"['parametric', 0.8591333627700806, 0.257130891084671]","['parametric', 0.8683996796607971, 0.26000404357910156]","['t-student', 1.0803988781543197, 0.31577620673768314]",0.31577620673768314,0.5006205965310797,1,-0.0
chr2:47596883,[-0.43601997  1.13698804 -1.48592727  0.36919354  0.41576566],[ 3.4105229   0.6172187   1.29804491 -0.46754506  0.34408701],1.0404656911302321,"['parametric', 0.949532687664032, 0.7338494658470154]","['parametric', 0.9143835306167603, 0.4943755269050598]","['t-student', -1.309736423027794, 0.22664355984451542]",0.22664355984451542,0.6446566170585338,1,-0.0
chr2:128051707,[ 1.06413551 -0.824758   -0.68094269  1.12250788 -0.68094269],[-0.5226311  -0.26519982 -1.27043692 -1.26103069 -0.96818873],-0.8574974517302889,"['non-parametric', 0.7356675267219543, 0.021807024255394936]","['parametric', 0.8858828544616699, 0.3368241786956787]","['wilcoxon', 19.0, 0.20869044313696405]",0.20869044313696405,0.6804974387539716,1,-0.0
chr11:108093485,[ 1.5 -0.5 -0.5 -0.5],[ 0.29210926  0.8248731  -0.09010601 -0.23312883  0.06038647],0.1708267969805712,"['non-parametric', 0.6297762393951416, 0.001240724348463118]","['parametric', 0.9224101901054382, 0.5456059575080872]","['wilcoxon', 5.0, 0.2622393495020251]",0.2622393495020251,0.5813021410616763,1,-0.0
chr3:37035100,[ 0.42230513  1.49821336 -0.17920006 -0.75064362 -0.99067481],[-0.49609621 -2.48323298 -1.63552107 -0.96609945 -1.24050098],-1.3642901382379828,"['parametric', 0.9382981061935425, 0.6539320349693298]","['parametric', 0.9751362204551697, 0.9070757627487183]","['t-student', 2.439884137800485, 0.04057183936350958]",0.04057183936350958,1.391775302689699,1,-0.0
chr22:29138158,[ 1.14924987 -0.72975182 -0.72975182 -0.72975182  1.04000558],[-0.72975182  1.72507296 -0.72975182],0.08852310995215336,"['non-parametric', 0.7022498846054077, 0.010108331218361855]","['non-parametric', 0.7500000596046448, -9.106917104872991e-07]","['wilcoxon', 7.0, 1.0]",1.0,-0.0,1,-0.0
chr6:43543775,[ 1.63278775 -0.02277677 -0.81638454 -0.81638454  0.0227581 ],[-0.81638454 -0.81638454 -0.34132467  0.99556948  0.82162189],-0.03138047671391577,"['parametric', 0.8375466465950012, 0.15825386345386505]","['parametric', 0.8225829005241394, 0.12223020941019058]","['t-student', 0.05262793118012861, 0.959318786487724]",0.959318786487724,0.018037050590941538,1,-0.0
chr16:23652769,[ 1.49409111  0.48523732 -0.64738628 -1.00219463 -0.32974752],[ 0.24459009 -1.43094433  0.21787144  0.25328256  2.90959552],0.43887905704155994,"['parametric', 0.9336384534835815, 0.6213834881782532]","['parametric', 0.8611643314361572, 0.2324589043855667]","['t-student', -0.5298532603741538, 0.6105990567158176]",0.6105990567158176,0.21424387095683245,1,-0.0
chr17:41277117,[ 0.96926488 -1.01344975  0.1352661  -1.04828694  0.95720571],[-0.95819168 -1.01870745 -1.29842685 -0.6064695  -0.15459721],-0.8072785391017854,"['parametric', 0.8249919414520264, 0.12751680612564087]","['parametric', 0.9537020325660706, 0.7635900378227234]","['t-student', 1.6521549291293811, 0.13710569594968353]",0.13710569594968353,0.8629445024086517,1,-0.0
chr10:89619522,[ 0.21671983 -0.08818439 -1.59686882  1.13245337  0.33588001],[-2.5847974  -1.85865324 -0.80631287  1.37195291  1.08718713],-0.5581246924297606,"['parametric', 0.918115496635437, 0.5178562998771667]","['parametric', 0.907948911190033, 0.45536327362060547]","['t-student', 0.618373269341839, 0.5535231447518671]",0.5535231447518671,0.25686421502397416,1,-0.0
chr6:43543682,[-1.03903028 -0.48222088  1.11489289 -0.62214789  1.02850617],[ 0.46682263 -1.50139076 -1.26301825 -1.50139076 -0.71841536],-0.9034784980465911,"['parametric', 0.8372099995613098, 0.15735648572444916]","['parametric', 0.8132094144821167, 0.10337787121534348]","['t-student', 1.5544625670329677, 0.15868147993965714]",0.15868147993965714,0.799473757740177,1,-0.0
chr17:56770023,[ 1.10279068 -1.01522758 -1.01522758  0.84606119  0.0816033 ],[-0.17382307 -1.01522758 -0.33275503  2.45217328 -0.52774719],0.08052408002712974,"['parametric', 0.8620738983154297, 0.23579052090644836]","['non-parametric', 0.7686939239501953, 0.04393541440367699]","['wilcoxon', 13.0, 1.0]",1.0,-0.0,1,-0.0
chr11:108093505,[-0.5 -0.5 -0.5  1.5],[ 0.02988691  0.41620112 -0.3956743   0.98844884 -0.22061329],0.16364985768438162,"['non-parametric', 0.6297762393951416, 0.001240724348463118]","['parametric', 0.9429368376731873, 0.6867693662643433]","['wilcoxon', 5.0, 0.2622393495020251]",0.2622393495020251,0.5813021410616763,1,-0.0
chr11:108093395,[-0.87988969 -0.26406554  1.43850711 -0.29455188],[-0.70778163 -0.30591767 -0.8121702  -0.61596505 -0.32564795],-0.5534965000348028,"['parametric', 0.8516513705253601, 0.23155319690704346]","['parametric', 0.8843333721160889, 0.32941117882728577]","['t-student', 1.2188550710701134, 0.2623757236815681]",0.2623757236815681,0.5810763505420701,1,-0.0
chr2:47630244,[-1.32898309 -0.28362073  0.0085973   1.46036139  0.14364513],[-1.59699609 -1.75405536 -1.90438821 -0.4958292  -0.87925842],-1.3261054539631238,"['parametric', 0.9574943780899048, 0.7904366254806519]","['parametric', 0.8894494771957397, 0.35434240102767944]","['t-student', 2.5334023982518814, 0.0350691548255779]",0.0350691548255779,1.4550747005858706,1,-0.0
chr6:43543571,[ 0.46524361 -1.54571852  0.71661387  0.82011927 -0.45625823],[-1.54571852 -0.89702106 -1.01767595 -1.54571852 -0.67767732],-1.1367622752201878,"['parametric', 0.8607322573661804, 0.23088937997817993]","['parametric', 0.8721381425857544, 0.27518993616104126]","['t-student', 2.365969247046169, 0.04553198901047926]",0.04553198901047926,1.3416833776424377,1,-0.0
chr15:89787335,[ 0.0976322  -0.9202655   1.49508497 -0.9202655   0.24781383],[-0.47493526 -0.9202655  -0.18570015 -0.35476678 -0.9202655 ],-0.5711866370526827,"['parametric', 0.8904416561126709, 0.35932886600494385]","['parametric', 0.870317280292511, 0.26771095395088196]","['t-student', 1.2111291182837676, 0.26040616119808746]",0.26040616119808746,0.5843487445943345,1,-0.0
chr14:45604787,[ 1.5850726  -0.8186299  -0.24397425 -0.8186299   0.29616145],[-0.25475867 -0.03965224 -0.8186299  -0.8186299  -0.46925454],-0.4801850493316156,"['parametric', 0.8711057305335999, 0.27093014121055603]","['parametric', 0.9017176032066345, 0.41945165395736694]","['t-student', 1.0152453430330408, 0.339706434803399]",0.339706434803399,0.46889622653844965,1,-0.0
chr22:29138219,[ 0.20828552 -0.92644919 -0.92644919  1.48849905  0.15611381],[-0.92644919 -0.92644919 -0.92644919],-0.9264491909235332,"['parametric', 0.8826124668121338, 0.3213176429271698]","['parametric', 1.0, 1.0]","['t-student', 1.5537025264535262, 0.17124828208929097]",0.17124828208929097,0.7663737765239078,1,-0.0
chr7:6048884,[ 0.52975321  0.63237726  0.40147315 -1.76563404  0.20203042],[ 2.23823498 -0.68766566 -2.24819558 -3.33611631 -0.89389228],-0.9855269691691744,"['non-parametric', 0.6996582746505737, 0.009498080238699913]","['parametric', 0.9460487365722656, 0.7089537382125854]","['wilcoxon', 18.0, 0.30952380952380953]",0.30952380952380953,0.5093059380910636,1,-0.0
chr6:43543578,[-0.73697769  1.74432903 -0.13074934 -0.35808497 -0.51851702],[ 0.13686497 -0.73697769 -0.31616842  0.09919934 -0.73697769],-0.31081189765451755,"['non-parametric', 0.7593079805374146, 0.036214329302310944]","['parametric', 0.8369622230529785, 0.15669849514961243]","['wilcoxon', 13.0, 1.0]",1.0,-0.0,1,-0.0
chr3:37034420,[-1.22573094  1.02516746 -0.04227608 -0.71981222  0.96265179],[ 1.01215768 -1.26324043 -1.83336052 -1.43078688 -0.36270925],-0.7755878804535985,"['parametric', 0.9045102596282959, 0.4353136122226715]","['parametric', 0.8963356018066406, 0.3899649679660797]","['t-student', 1.146506964686702, 0.28471815039527576]",0.28471815039527576,0.5455848462873468,1,-0.0
chr3:142298054,[-0.38871323 -0.31273092 -1.2608707   1.32464446  0.63767039],[-0.31192613 -0.06182856 -0.2861445  -0.74599629 -0.31812972],-0.3448050410705575,"['parametric', 0.9664490222930908, 0.8520113825798035]","['parametric', 0.8683986663818359, 0.2600001394748688]","['t-student', 0.748316154677604, 0.47569101789258794]",0.47569101789258794,0.3226750489511585,1,-0.0
chr3:37035066,[-0.51579559  0.66801687 -1.51084681  0.88194376  0.47668176],[ 2.61175409 -0.79907575 -0.61640064  1.13605795 -0.38595603],0.38927592573583486,"['parametric', 0.8799073696136475, 0.3088914453983307]","['parametric', 0.8491089344024658, 0.19171832501888275]","['t-student', -0.4919737133015474, 0.6359526676872637]",0.6359526676872637,0.19657520656414765,1,-0.0
chr13:32889461,[ 1.35312865  0.27323966 -0.0528486  -0.13345755 -1.44006217],[ 1.70008978 -0.96966744 -2.49010649 -1.49383481 -0.83441047],-0.8175858849427218,"['parametric', 0.9551393389701843, 0.7737971544265747]","['parametric', 0.9013333320617676, 0.4172987937927246]","['t-student', 0.9908588749826142, 0.3507737173300214]",0.3507737173300214,0.4549729547762332,1,-0.0
chr7:6048876,[ 1.24509532  0.16584779  0.51825276 -0.58200947 -1.3471864 ],[-0.79808459 -3.00646161 -2.67897006 -2.88754168 -0.27591409],-1.9293944083653574,"['parametric', 0.9885246157646179, 0.974273681640625]","['parametric', 0.8083165884017944, 0.09455744177103043]","['t-student', 2.643521664941195, 0.029551376160692214]",0.029551376160692214,1.5294222899069692,1,-0.0
chr7:6048888,[-0.21941963 -0.34267907 -1.32069815  0.54282566  1.33997119],[-0.4032411  -2.34469427 -3.10370072 -2.93928762  0.03583454],-1.7510178349551428,"['parametric', 0.9821906089782715, 0.9459899067878723]","['parametric', 0.8465474247932434, 0.18384964764118195]","['t-student', 2.2057660341813072, 0.05846581194015842]",0.05846581194015842,1.2330980147042259,1,-0.0
chr11:108093419,[ 1.16078992 -0.83478083 -0.83478083  0.50877175],[-0.02825001 -0.66766407 -0.83478083 -0.42604947 -0.07970001],-0.40728887958527615,"['parametric', 0.8479723930358887, 0.2196614295244217]","['parametric', 0.9158216118812561, 0.5033513903617859]","['t-student', 0.8584096525172797, 0.419086056271995]",0.419086056271995,0.3776967886647723,1,-0.0
chr2:47596858,[-0.85253116  0.93445531 -1.28967699  0.54311587  0.66463698],[ 4.5377613   1.2746915   1.11420647 -0.65983973  0.92303666],1.4379712407438494,"['parametric', 0.8504799604415894, 0.19604039192199707]","['parametric', 0.8695859909057617, 0.2647514045238495]","['t-student', -1.4989381390572873, 0.1722727070614127]",0.1722727070614127,0.7637835218062669,1,-0.0
chr2:128051716,[-0.41408696  0.95136411  0.50204901 -1.55196286  0.5126367 ],[-1.05254601 -1.01649185 -1.55196286  0.09534983 -1.33891376],-0.9729129278304299,"['parametric', 0.890648365020752, 0.36037391424179077]","['parametric', 0.8495792746543884, 0.19319230318069458]","['t-student', 1.835573470593901, 0.10374710673539515]",0.10374710673539515,0.9840240059062141,1,-0.0
chr17:56769982,[ 1.05147846 -0.72995199 -0.72995199 -0.72995199  1.1383775 ],[-0.1625334  -0.72995199 -0.72995199 -0.72995199 -0.02067875],-0.4746136234688564,"['non-parametric', 0.6986711621284485, 0.00927451066672802]","['non-parametric', 0.7416291236877441, 0.02485204115509987]","['wilcoxon', 14.5, 0.7240816609153895]",0.7240816609153895,0.14021245191745857,1,-0.0
chr15:89787205,[ 0.20924349  0.87882265 -1.08806614],[-1.08806614 -1.08806614 -1.08806614 -1.08806614 -1.08806614],-1.0880661358285877,"['parametric', 0.9671629071235657, 0.6519903540611267]","['parametric', 1.0, 1.0]","['t-student', 2.5805754255873574, 0.041737156342983785]",0.041737156342983785,1.3794771438335955,1,-0.0
chr16:23652787,[-1.48258982 -0.55710653  0.48865617  0.61754533  0.93349486],[ 1.24758587  0.33752731 -1.0757082   0.71032238  0.36628762],0.3172029969858232,"['parametric', 0.8924001455307007, 0.36931613087654114]","['parametric', 0.9011882543563843, 0.41648775339126587]","['t-student', -0.5375866762762208, 0.6054893488705888]",0.6054893488705888,0.21789349210377706,1,-0.0
chr2:47630233,[ 0.90425126  0.34847361 -0.03077984 -1.68646626  0.46452122],[-1.21839511 -2.17988274 -1.22032581 -1.56715013 -0.74714747],-1.3865802516014225,"['parametric', 0.8477239012718201, 0.1874305158853531]","['parametric', 0.9533581733703613, 0.761143684387207]","['t-student', 2.7386690744356748, 0.025501650328530107]",0.025501650328530107,1.5934317134726308,1,-0.0
chr3:37035047,[ 1.48375973  0.3638449  -0.5593072  -0.1325853  -1.15571213],[-0.27844209 -0.19757405 -0.80812281 -1.14526844  0.7769756 ],-0.33048635893154954,"['parametric', 0.9772394895553589, 0.9193400740623474]","['parametric', 0.949347198009491, 0.7325239777565002]","['t-student', 0.596519891618258, 0.5673204019697098]",0.5673204019697098,0.24617159806134564,1,-0.0
chr13:32889470,[-0.07310355 -1.15825586  1.60468883 -0.25141641 -0.12191302],[ 0.27228673 -0.38652097 -0.99734165 -1.16613219 -0.4589174 ],-0.5473250980377008,"['parametric', 0.8830354809761047, 0.3232935070991516]","['parametric', 0.9432504177093506, 0.6890008449554443]","['t-student', 1.0641347581160685, 0.31832956238596827]",0.31832956238596827,0.49712302777884476,1,-0.0
chr17:59941051,[-0.24490812  1.70359219 -0.60870216 -0.81616914 -0.03381277],[-0.79161661 -1.6246487  -1.6246487  -1.6246487  -1.6246487 ],-1.4580422857226971,"['parametric', 0.8221843838691711, 0.12137362360954285]","['non-parametric', 0.5521818399429321, 0.00013097876217216253]","['wilcoxon', 24.0, 0.017750113652290653]",0.017750113652290653,1.7507988618536947,1,-0.0
chr17:41277106,[ 0.86822567 -1.07062416  0.90429729 -1.07062416  0.36872537],[-0.04837959  0.04480871 -0.11628366 -0.51266344  0.70665485],0.014827372057476574,"['parametric', 0.7926082015037537, 0.07044239342212677]","['parametric', 0.9259704351425171, 0.5691615343093872]","['t-student', -0.030332811834967204, 0.9765447090382162]",0.9765447090382162,0.010307868664809768,1,-0.0
chr3:37035095,[-0.65659333 -0.30744112  1.18567803  0.90011091 -1.12175448],[-0.92845933  1.6420459  -1.35945403 -0.50073478 -0.37909799],-0.305140046912347,"['parametric', 0.9113913774490356, 0.47599682211875916]","['parametric', 0.8483568429946899, 0.18938033282756805]","['t-student', 0.4466306805254029, 0.6669845790030924]",0.6669845790030924,0.17588420705988828,1,-0.0
chr15:89787018,[ 0.45729336 -0.67249024 -0.67249024  1.56017736 -0.67249024],[-0.09365049 -0.28500248 -0.67249024 -0.67249024 -0.67249024],-0.4792247391839012,"['non-parametric', 0.7714136242866516, 0.0464266873896122]","['non-parametric', 0.7663636803627014, 0.0418948233127594]","['wilcoxon', 14.5, 0.7240816609153895]",0.7240816609153895,0.14021245191745857,1,-0.0
chr6:43543669,[ 1.20809527  0.75806894 -1.26704956 -0.10868178 -0.59043287],[ 1.31859281  0.29831231 -1.26704956  3.6412885   0.86230298],0.970689406510776,"['parametric', 0.9707696437835693, 0.8801700472831726]","['parametric', 0.967411458492279, 0.8583945035934448]","['t-student', -1.0614984346499796, 0.31945488836514385]",0.31945488836514385,0.4955904618165049,1,-0.0
chr7:6048940,[ 0.31975089  1.26669835 -0.10304475  0.02718396 -1.51058845],[ 2.56240645 -2.44771677 -3.20001553 -1.22203146  2.15746008],-0.42997944805407606,"['parametric', 0.9486174583435059, 0.7273082137107849]","['parametric', 0.8714130520820618, 0.2721928358078003]","['t-student', 0.33981750466886157, 0.7427436290522635]",0.7427436290522635,0.1291610647068132,1,-0.0
chr11:108093590,[ 0.83972327 -0.86582865 -0.86582865  0.89193404],[-0.60243302  0.01530047 -0.86582865 -0.60081212 -0.02416378],-0.41558742069599947,"['non-parametric', 0.7417658567428589, 0.03224608302116394]","['parametric', 0.8610172867774963, 0.23192396759986877]","['wilcoxon', 11.0, 0.9008653893206502]",0.9008653893206502,0.045340098080577235,1,-0.0
chr15:89787171,[ 0.28082254 -1.0568233   0.97872472 -1.0568233   0.85409933],[-0.44482847 -0.64971369 -0.58151767 -1.0568233  -1.0568233 ],-0.7579412841772937,"['parametric', 0.8227627873420715, 0.12261849641799927]","['parametric', 0.851028323173523, 0.19779077172279358]","['t-student', 1.6309169961235748, 0.14155389897520695]",0.14155389897520695,0.8490781638820857,1,-0.0
chr3:37035032,[-0.72139981 -0.34220919  1.4954177   0.50276515 -0.93457385],[ 0.96027291 -0.11236044 -1.01447241 -0.24987225 -0.63215697],-0.20971783271378194,"['parametric', 0.9125333428382874, 0.4829629361629486]","['parametric', 0.9372861385345459, 0.6468204855918884]","['t-student', 0.3764805866774042, 0.7163485480182067]",0.7163485480182067,0.1448756150539336,1,-0.0
chr22:29138134,[-0.6347619  -0.6347619   1.6514568  -0.6347619   0.25282889],[-0.6347619 -0.6347619 -0.6347619],-0.6347618964015913,"['non-parametric', 0.7514631152153015, 0.030704522505402565]","['parametric', 1.0, 1.0]","['wilcoxon', 10.5, 0.3291139859786082]",0.3291139859786082,0.4826536616002751,1,-0.0
chr2:47596887,[-0.95479523  1.59946567 -0.69286005 -0.13220536  0.18039496],[ 3.81665129  0.99318767  0.15936323 -0.52367366  0.5137382 ],0.9918533457008707,"['parametric', 0.910527229309082, 0.4707651138305664]","['parametric', 0.8504610657691956, 0.19598031044006348]","['t-student', -1.13781087598539, 0.28812621906149677]",0.28812621906149677,0.5404172197632444,1,-0.0
chr6:43543766,[-0.8836861   0.61141553  1.41351735 -0.8836861  -0.25756067],[ 0.17546066 -0.25756067 -0.8836861  -0.8836861   0.03768547],-0.362357349214459,"['parametric', 0.8908237218856812, 0.36126238107681274]","['parametric', 0.8548165559768677, 0.21022863686084747]","['t-student', 0.7244371362296125, 0.489439217303991]",0.489439217303991,0.31030123486910055,1,-0.0
chr6:43543696,[-1.05721499 -0.46273131  0.5329428   1.46742685 -0.48042336],[ 0.23065642  0.1488438  -1.33516004  0.3710129   0.54505648],-0.007918087993798362,"['parametric', 0.9240613579750061, 0.5564709305763245]","['non-parametric', 0.7409424781799316, 0.024483077228069305]","['wilcoxon', 12.0, 1.0]",1.0,-0.0,1,-0.0
chr3:37035074,[-0.74652651  0.6643587  -1.38594589  0.7714787   0.69663499],[ 0.07173029 -1.52784621 -1.92435852 -1.20639548  2.72636964],-0.37210005493615067,"['parametric', 0.7940863370895386, 0.0724593922495842]","['parametric', 0.8491187691688538, 0.19174914062023163]","['t-student', 0.3896516789107512, 0.7069621330978335]",0.7069621330978335,0.1506038476275428,1,-0.0
chr15:89787009,[-0.4472136   1.78885438 -0.4472136  -0.4472136  -0.4472136 ],[ 1.51279661  1.52906225  0.31240758  0.75551994 -0.4472136 ],0.7325145569290596,"['non-parametric', 0.5521817207336426, 0.00013097839837428182]","['parametric', 0.914036214351654, 0.49222156405448914]","['wilcoxon', 7.0, 0.26520539259150755]",0.26520539259150755,0.5764176493889677,1,-0.0
chr6:43543749,[-0.63583875  1.05673953 -1.37434578  0.73716024  0.21628475],[-1.37434578 -1.37434578 -0.37043778 -0.11453967 -0.19389753],-0.6855133083964289,"['parametric', 0.9478793740272522, 0.7220326066017151]","['parametric', 0.7793551683425903, 0.054421596229076385]","['t-student', 1.293657395229735, 0.2318822727928432]",0.2318822727928432,0.634732451545388,1,-0.0
chr10:89619555,[-1.50973958  0.03422808  0.56454141 -0.24660989  1.15757997],[-0.13097072 -0.13070008 -0.95329112 -0.35894508  0.0516294 ],-0.3044555191998002,"['parametric', 0.9688313603401184, 0.8677014112472534]","['parametric', 0.8554700613021851, 0.21243618428707123]","['t-student', 0.6340731306927712, 0.5437334161486502]",0.5437334161486502,0.26461397580275614,1,-0.0
chr11:108093359,[-0.5 -0.5  1.5 -0.5],[ 0.12385321 -0.2562724  -0.3708452   0.31534772 -0.18149883],-0.07388310036406578,"['non-parametric', 0.6297762393951416, 0.001240724348463118]","['parametric', 0.9272964000701904, 0.5780532956123352]","['wilcoxon', 5.0, 0.2622393495020251]",0.2622393495020251,0.5813021410616763,1,-0.0
chr15:89787007,[-0.50289752 -0.39621052  0.6724989   1.36073807 -1.13412893],[-0.647514   -0.91673388 -0.6327681  -1.13412893 -0.01940112],-0.6701092070310601,"['parametric', 0.9427246451377869, 0.6852606534957886]","['parametric', 0.9340135455131531, 0.6239835619926453]","['t-student', 1.3821145140937228, 0.20429794325364437]",0.20429794325364437,0.6897360055559478,1,-0.0
chr10:89619566,[ 0.74983087 -1.08966266 -0.86775731 -0.01598383  1.22357293],[ 0.69456083 -0.45922733  0.49541171  0.73505283 -0.1073949 ],0.27168062566770573,"['parametric', 0.9291883111000061, 0.5908459424972534]","['parametric', 0.8691867589950562, 0.2631465494632721]","['t-student', -0.5368762045241428, 0.605957822713775]",0.605957822713775,0.2175576035567142,1,-0.0
chr6:43543596,[ 0.93749902  0.03608549 -1.00812623 -1.00812623  1.04266795],[ 3.09346213 -1.00812623 -1.00812623 -1.00812623  2.26724289],0.46726526685096753,"['parametric', 0.8396372199058533, 0.16392165422439575]","['non-parametric', 0.7419744729995728, 0.025039471685886383]","['wilcoxon', 12.0, 1.0]",1.0,-0.0,1,-0.0
chr22:29138115,[ 1.59962251  0.37542161 -0.65834804 -0.65834804 -0.65834804],[-0.65834804 -0.65834804 -0.65834804],-0.6583480411454469,"['non-parametric', 0.7658407092094421, 0.041448481380939484]","['parametric', 1.0, 1.0]","['wilcoxon', 10.5, 0.3291139859786082]",0.3291139859786082,0.4826536616002751,1,-0.0
chr3:37034324,[ 0.12944484  1.26253359  0.28406224 -1.51033181 -0.16570886],[-1.00396719 -1.83237454 -1.25620418 -1.52300547  0.69958468],-0.9831933409953925,"['parametric', 0.9520998597145081, 0.752178966999054]","['parametric', 0.8341668248176575, 0.14943258464336395]","['t-student', 1.5624742976277701, 0.156802263004567]",0.156802263004567,0.8046476737733669,1,-0.0
chr3:37034352,[ 1.45980151 -0.62286648  0.06790026 -1.18284321  0.27800791],[-1.35264949 -0.55185749 -0.22938309 -0.16216271  0.62564869],-0.3340808183631793,"['parametric', 0.9740114808082581, 0.9003199338912964]","['parametric', 0.9699606895446777, 0.8750011324882507]","['t-student', 0.6075950944511562, 0.5603033916148997]",0.5603033916148997,0.25157674866365126,1,-0.0
chr17:56769866,[-0.92482759 -0.10855726 -0.92482759  0.55466238  1.40355007],[-0.31394141 -0.297759   -0.17729582 -0.92482759 -0.92482759],-0.5277302827773622,"['parametric', 0.9068951606750488, 0.4491589665412903]","['parametric', 0.7827346920967102, 0.05817187950015068]","['t-student', 1.1080354730432247, 0.3000447334903744]",0.3000447334903744,0.5228139917478838,1,-0.0
chr6:43543708,[ 1.36783036  0.30725856 -0.98640593 -0.98640593  0.29772295],[-0.98640593 -0.98640593  0.19071221 -0.98640593  2.88500486],0.023299852323317972,"['parametric', 0.8807414770126343, 0.3126845955848694]","['non-parametric', 0.7239862680435181, 0.016785787418484688]","['wilcoxon', 15.0, 0.6558364965906589]",0.6558364965906589,0.18320441897665946,1,-0.0
chr17:41277115,[ 1.27412711 -0.30632278  0.68478178 -0.35283769 -1.29974842],[-0.08061285 -0.22792489 -0.90895986 -0.92770334  0.4940067 ],-0.3302388471012247,"['parametric', 0.9615163207054138, 0.8185011744499207]","['parametric', 0.9076530337333679, 0.4536159634590149]","['t-student', 0.6329688683738436, 0.5444186040206043]",0.5444186040206043,0.26406704238597234,1,-0.0
chr17:59941056,[ 0.16905527  1.40619517 -0.70479205  0.31258586 -1.18304426],[-0.97816624 -1.79171099 -1.32141245  0.52764952 -1.79171099],-1.0710702315954044,"['parametric', 0.9667455554008484, 0.8539841175079346]","['parametric', 0.8238953948020935, 0.12508723139762878]","['t-student', 1.7300262434273503, 0.12187702554387055]",0.12187702554387055,0.9140781534454822,1,-0.0
chr15:89787288,[ 1.78885438 -0.4472136  -0.4472136  -0.4472136  -0.4472136 ],[ 1.93158213 -0.4472136   0.36100375  3.27956637 -0.4472136 ],0.9355450094018576,"['non-parametric', 0.5521817207336426, 0.00013097839837428182]","['parametric', 0.8748770356178284, 0.2867375314235687]","['wilcoxon', 7.0, 0.23931654122149548]",0.23931654122149548,0.6210272825276074,1,-0.0
chr10:89619512,[-1.65690352  0.70210843  0.47046031  0.70210843 -0.21777364],[ 0.19776794  0.13238382 -0.56503938  1.23788668  1.38819222],0.47823825589609703,"['parametric', 0.8009488582611084, 0.08248836547136307]","['parametric', 0.9099090099334717, 0.4670437276363373]","['t-student', -0.8267766261289677, 0.432329950644632]",0.432329950644632,0.36418467668211496,1,-0.0
chr2:47630251,[ 1.13282391 -0.16477034 -0.40693885  0.80722401 -1.36833874],[ 0.7826774  -0.48062609 -1.12562467  0.10125061 -0.33671104],-0.21180675791084608,"['parametric', 0.9559180736541748, 0.779312252998352]","['parametric', 0.9874190092086792, 0.9698958396911621]","['t-student', 0.38638480692850136, 0.7092853880862233]",0.7092853880862233,0.14917898691431716,1,-0.0
chr2:47596862,[-1.07872182  0.90675596 -1.08486042  0.47442522  0.78240107],[6.88150407 1.83294931 2.38067012 0.52964631 1.80180413],2.6853147873675676,"['parametric', 0.7857997417449951, 0.06176532059907913]","['parametric', 0.7974017858505249, 0.07716523855924606]","['t-student', -2.275411178860502, 0.05244561888132498]",0.05244561888132498,1.2802907853566978,1,-0.0
chr6:43543672,[ 1.14068071 -0.72991349 -0.72991349  1.04905977 -0.72991349],[-0.72991349  0.46092926  0.71011442 -0.72991349 -0.72991349],-0.20373935822485248,"['non-parametric', 0.6994340419769287, 0.009446868672966957]","['non-parametric', 0.7349177002906799, 0.021448541432619095]","['wilcoxon', 14.5, 0.7240816609153895]",0.7240816609153895,0.14021245191745857,1,-0.0
chr11:108093413,[-0.5  1.5 -0.5 -0.5],[-0.21385991 -0.5        -0.16511628 -0.06626506 -0.19475358],-0.22799896539969375,"['non-parametric', 0.6297762393951416, 0.001240724348463118]","['parametric', 0.8541144728660583, 0.20787762105464935]","['wilcoxon', 6.5, 0.4427708739877678]",0.4427708739877678,0.3538209552784668,1,-0.0
chr17:59941187,[ 1.59501027  0.06255182 -0.88746505  0.04385156 -0.81394861],[-0.62921457 -0.62921457  2.00607307 -3.94021698 -1.11139938],-0.8607944853290788,"['parametric', 0.8662981986999512, 0.2517556846141815]","['parametric', 0.9261971712112427, 0.5706775784492493]","['t-student', 0.8231365295869456, 0.43427960457141024]",0.43427960457141024,0.362230566286132,1,-0.0
chr6:43543580,[-1.26858315  1.21087488 -0.14249596 -0.56477865  0.76498288],[-1.26858315 -1.26858315 -0.87604731 -1.26858315  1.32384779],-0.6715897910990737,"['parametric', 0.9691382646560669, 0.8696945905685425]","['non-parametric', 0.648821234703064, 0.0025785299949347973]","['wilcoxon', 17.5, 0.33211197790172275]",0.33211197790172275,0.4787154609182793,1,-0.0
chr15:89787036,[ 0.93684266  1.24131652 -0.72605306 -0.72605306 -0.72605306],[-0.29493195  0.43797394 -0.06089477 -0.72605306  0.02091614],-0.12459793951832991,"['non-parametric', 0.7301254272460938, 0.019278669729828835]","['parametric', 0.986120343208313, 0.9644308686256409]","['wilcoxon', 11.5, 0.914183549889683]",0.914183549889683,0.03896659780977538,1,-0.0
chr3:37035063,[ 0.37070292  0.55720236 -0.7893727   1.13891415 -1.27744673],[-0.72374517  1.2386732  -5.26205359  1.1471247  -1.93887808],-1.10777578828439,"['parametric', 0.9322073459625244, 0.6114987730979919]","['parametric', 0.8944600224494934, 0.3800276517868042]","['t-student', 0.8665263407451631, 0.41143563559890983]",0.41143563559890983,0.38569809554425627,1,-0.0
chr6:43543786,[ 0.8233846   1.25664332 -0.2873417  -1.05983342 -0.7328528 ],[ 0.91179097 -0.68389554 -2.00793629  0.70618747  0.32788791],-0.14919309322191268,"['parametric', 0.9170311689376831, 0.5109716653823853]","['parametric', 0.8892374038696289, 0.353283166885376]","['t-student', 0.21285296506227935, 0.8367654183299511]",0.8367654183299511,0.07739627653944003,1,-0.0
chr11:108093335,[ 0.47118419 -1.45460689  0.19292703  0.79049568],[-1.63238171 -2.35188108 -3.05938117 -3.52174202 -1.57086432],-2.427250061609734,"['parametric', 0.8419188857078552, 0.20105527341365814]","['parametric', 0.9072399139404297, 0.45118311047554016]","['t-student', 3.9185780471052127, 0.005759554733290433]",0.005759554733290433,2.2396110902486033,1,-0.0
chr16:23652838,[ 1.01039695  1.08789082 -0.32877953 -1.13165073 -0.63785751],[-0.68834761 -0.54735093  0.49335096  1.0624305  -0.14854314],0.03430795335735553,"['parametric', 0.8770481944084167, 0.2961483895778656]","['parametric', 0.9259699583053589, 0.5691580176353455]","['t-student', -0.06180986626804028, 0.95223058696275]",0.95223058696275,0.02125787249835755,1,-0.0
chr15:89787045,[-0.4472136   1.78885438 -0.4472136  -0.4472136  -0.4472136 ],[ 0.03194383 -0.4472136   0.2910098  -0.4472136  -0.4472136 ],-0.20373743089591373,"['non-parametric', 0.5521817207336426, 0.00013097839837428182]","['non-parametric', 0.7687801122665405, 0.04401254281401634]","['wilcoxon', 11.0, 0.7971696931337416]",0.7971696931337416,0.09844922070282902,1,-0.0
chr7:6048869,[ 0.91599715 -1.0247384   1.19038471 -0.7741331  -0.30751035],[-0.09150788 -0.55687162 -0.1500447  -0.29570982  0.35442039],-0.14794272702828223,"['parametric', 0.8837763667106628, 0.32677537202835083]","['parametric', 0.964835524559021, 0.8411862850189209]","['t-student', 0.31382786110949357, 0.761678877841848]",0.761678877841848,0.11822808768339348,1,-0.0
chr6:43543650,[-0.01346598  0.81455886 -1.30950486  1.11799653 -0.60958455],[-1.30950486 -1.30950486 -1.30950486 -1.30950486  0.89096403],-0.8694110807062605,"['parametric', 0.9576029181480408, 0.7912003397941589]","['non-parametric', 0.5521817207336426, 0.00013097839837428182]","['wilcoxon', 19.0, 0.18122053638510982]",0.18122053638510982,0.7417925884839338,1,-0.0
chr16:23652918,[ 0.79214532  0.88103831  0.19809957 -0.30074654 -1.57053665],[ 1.88217947  1.38500929 -0.46841913 -1.57053665  2.28973839],0.7035942750590196,"['parametric', 0.8960453271865845, 0.3884156048297882]","['parametric', 0.8993409276008606, 0.4062535762786865]","['t-student', -0.8147652835367227, 0.43878630380185357]",0.43878630380185357,0.3577469368769752,1,-0.0
chr15:89787293,[ 0.92935209 -0.72565848 -0.72565848 -0.72565848  1.24762335],[-0.72565848 -0.72565848 -0.72565848 -0.72565848 -0.72565848],-0.7256584781454538,"['non-parametric', 0.7318577766418457, 0.02003936469554901]","['parametric', 1.0, 1.0]","['wilcoxon', 17.5, 0.17971249487899976]",0.17971249487899976,0.7454217266286194,1,-0.0
chr17:56770038,[-0.4472136  -0.4472136  -0.4472136  -0.4472136   1.78885438],[ 2.1539267  -0.4472136  -0.4472136  -0.4472136   1.54428445],0.47131407306357154,"['non-parametric', 0.5521817207336426, 0.00013097839837428182]","['non-parametric', 0.7494917511940002, 0.029442165046930313]","['wilcoxon', 10.0, 0.6072355437741112]",0.6072355437741112,0.21664281548349737,1,-0.0
chr6:43543806,[ 0.14368737 -0.97158218 -0.29345346  1.63783617 -0.5164879 ],[ 1.90532756  1.57448294 -0.59654485  3.21729761 -1.40311865],0.9394889242944611,"['parametric', 0.8964887261390686, 0.390784353017807]","['parametric', 0.9396167993545532, 0.6632301807403564]","['t-student', -0.9802394521740219, 0.3556778086185972]",0.3556778086185972,0.448943230386714,1,-0.0
chr17:56769922,[ 0.12022836  1.53585249 -0.89662841 -0.89662841  0.13717597],[-0.07506201 -0.89662841 -0.24369933 -0.89662841 -0.89662841],-0.6017293152490237,"['parametric', 0.8707140684127808, 0.2693273425102234]","['non-parametric', 0.7428858280181885, 0.025540141388773918]","['wilcoxon', 18.0, 0.26520539259150755]",0.26520539259150755,0.5764176493889677,1,-0.0
chr22:29138091,[-0.4472136   1.78885438 -0.4472136  -0.4472136  -0.4472136 ],[-0.4472136 -0.4472136 -0.4472136],-0.44721359549995804,"['non-parametric', 0.5521817207336426, 0.00013097839837428182]","['parametric', 1.0, 1.0]","['wilcoxon', 9.0, 0.6055766163353464]",0.6055766163353464,0.217830902980561,1,-0.0
chr6:43543642,[ 0.2318935  -1.65331417  1.05667186  0.06051099  0.30423782],[ 2.252972   -1.65331417 -1.65331417 -1.65331417  1.48869862],-0.2436543779559474,"['parametric', 0.8648899793624878, 0.24634280800819397]","['non-parametric', 0.7405771017074585, 0.024288756772875786]","['wilcoxon', 13.5, 0.914183549889683]",0.914183549889683,0.03896659780977538,1,-0.0
chr3:37034348,[ 1.67923783 -0.55666812 -0.68355308  0.17207074 -0.61108737],[-0.76280742  2.00164788 -1.70340491 -0.89499911  0.08130381],-0.25565194900321764,"['non-parametric', 0.7738955616950989, 0.04880712181329727]","['parametric', 0.9133332371711731, 0.4878782033920288]","['wilcoxon', 17.0, 0.42063492063492064]",0.42063492063492064,0.37609467551677384,1,-0.0
chr15:89787190,[-0.4472136  -0.4472136   1.78885438 -0.4472136  -0.4472136 ],[-0.4472136  -0.4472136  -0.01208685 -0.4472136   0.51110125],-0.16852527768647088,"['non-parametric', 0.5521817207336426, 0.00013097839837428182]","['non-parametric', 0.7652543783187866, 0.040952958166599274]","['wilcoxon', 11.0, 0.7971696931337416]",0.7971696931337416,0.09844922070282902,1,-0.0
chr17:41277232,[-0.08697819  0.29326959  1.18823959 -1.56966336  0.17513238],[-0.72231672 -0.31704122 -1.54092273  0.65738248  0.34300288],-0.31597906146205074,"['parametric', 0.926201581954956, 0.570706844329834]","['parametric', 0.9688056707382202, 0.8675342202186584]","['t-student', 0.5323071295123082, 0.6089752291081467]",0.6089752291081467,0.21540037252383404,1,-0.0
chr11:108093461,[-0.5 -0.5 -0.5  1.5],[ 0.38155922  0.96633416  0.87062937 -0.5         0.12519936],0.3687444235298309,"['non-parametric', 0.6297762393951416, 0.001240724348463118]","['parametric', 0.936532735824585, 0.6415403485298157]","['wilcoxon', 6.5, 0.4427708739877678]",0.4427708739877678,0.3538209552784668,1,-0.0
chr6:43543800,[-1.08580921 -0.5546513   1.5006514  -0.28481531  0.42462442],[-1.87299288 -0.86152783 -1.46244357 -0.29862555 -0.37669335],-0.9744566358624889,"['parametric', 0.9559183120727539, 0.7793140411376953]","['parametric', 0.9143858551979065, 0.49438998103141785]","['t-student', 1.7983435138210546, 0.10983070225796893]",0.10983070225796893,0.9592762395091977,1,-0.0
chr13:32889434,[ 0.19146378 -0.50783684  1.63651717 -0.38090839 -0.93923572],[-0.92508729 -0.90662194 -1.47830983 -1.11386704 -0.45658526],-0.9760942731513357,"['parametric', 0.884286105632782, 0.32918691635131836]","['parametric', 0.9691274166107178, 0.8696241974830627]","['t-student', 2.046782666014294, 0.07488128588239878]",0.07488128588239878,1.1256267063795238,1,-0.0
chr15:89787060,[-0.4472136   1.78885438 -0.4472136  -0.4472136  -0.4472136 ],[0.04192627 1.49317597 0.2981424  0.75682301 2.06387879],0.930789287349741,"['non-parametric', 0.5521817207336426, 0.00013097839837428182]","['parametric', 0.9445738196372986, 0.6984285712242126]","['wilcoxon', 4.0, 0.08466977720597225]",0.08466977720597225,1.072271582998443,1,-0.0
chr6:43543624,[-0.4472136  -0.4472136  -0.4472136  -0.4472136   1.78885438],[ 8.49705831 10.22820772 12.55908573 -0.4472136   6.79960525],7.527348683772442,"['non-parametric', 0.5521817207336426, 0.00013097839837428182]","['parametric', 0.9185336232185364, 0.5205245614051819]","['wilcoxon', 3.0, 0.04490858989614264]",0.04490858989614264,1.3476705813197962,1,-0.0
chr6:43543822,[-0.91751713 -0.33450843  1.24878186  0.86382978 -0.86058609],[-1.38172405 -0.76793934 -0.8818089  -0.44544229 -1.38172405],-0.9717277252447156,"['parametric', 0.8611955046653748, 0.2325725257396698]","['parametric', 0.8955636024475098, 0.38585349917411804]","['t-student', 2.0125045740989678, 0.07897101244115153]",0.07897101244115153,1.1025322941157607,1,-0.0
chr17:59941017,[-0.58587528 -0.88195298  0.94672586 -0.70039766  1.22150005],[-1.94548494 -1.94548494  0.10752565  3.07546487 -1.94548494],-0.5306928604289316,"['parametric', 0.806033194065094, 0.09066560864448547]","['non-parametric', 0.7565220594406128, 0.034165315330028534]","['wilcoxon', 17.0, 0.39761475195653073]",0.39761475195653073,0.4005375111598618,1,-0.0
chr17:59941067,[-0.10334249 -0.43399095  0.03876498  1.60486237 -1.10629392],[-0.61233819 -0.61064626 -1.40585417  5.25401211  1.33644371],0.7923234402038462,"['parametric', 0.9178075194358826, 0.515895664691925]","['parametric', 0.8275203704833984, 0.13326995074748993]","['t-student', -0.6170463011316455, 0.5543553019895963]",0.5543553019895963,0.25621179441691005,1,-0.0
chr3:142298045,[-0.84068113  0.73679106  0.52383158  0.88269095 -1.30263247],[-0.36114305 -0.78293381 -0.79168653 -1.43014594 -0.80458324],-0.8340985146374479,"['parametric', 0.8401467800140381, 0.16532810032367706]","['parametric', 0.8767943382263184, 0.29503604769706726]","['t-student', 1.7422013014116908, 0.11964337886533272]",0.11964337886533272,0.9221113304965531,1,-0.0
chr2:47596907,[-1.6367001   0.90892755 -0.08353334  0.68759005  0.12371584],[21.14209932  3.23971535 -0.59533406 -1.57222468  4.92970578],5.428792341327941,"['parametric', 0.881760835647583, 0.31736642122268677]","['parametric', 0.8004559874534607, 0.08173036575317383]","['t-student', -1.3142550981087868, 0.22518959708445238]",0.22518959708445238,0.6474516761349548,1,-0.0
chr22:29138075,[-0.4472136  -0.4472136   1.78885438 -0.4472136  -0.4472136 ],[-0.4472136   0.52174919 -0.4472136 ],-0.12422599874998796,"['non-parametric', 0.5521817207336426, 0.00013097839837428182]","['non-parametric', 0.75, -9.106917104872991e-07]","['wilcoxon', 7.0, 1.0]",1.0,-0.0,1,-0.0
chr2:47596869,[-0.5281156   1.26838947 -1.33517146  0.02118112  0.57371647],[2.12651291 0.70039726 1.36640819 0.17218982 0.83951538],1.041004711565019,"['parametric', 0.9963701367378235, 0.9965541958808899]","['parametric', 0.9703802466392517, 0.8776887655258179]","['t-student', -1.8703534606603267, 0.09835354968424012]",0.09835354968424012,1.0072099613119194,1,-0.0
chr11:108093457,[-0.5 -0.5 -0.5  1.5],[ 2.42974589 -0.01243781 -0.04259043  0.68968134  0.43630573],0.7001409429087815,"['non-parametric', 0.6297762393951416, 0.001240724348463118]","['parametric', 0.7973926067352295, 0.07715173810720444]","['wilcoxon', 4.0, 0.17060874485083155]",0.17060874485083155,0.7679987120716197,1,-0.0
chr6:43543554,[ 0.08210516 -0.20192085  0.92360367  0.77632615 -1.58011413],[-1.58011413 -1.58011413 -0.70925577  3.64503607  2.80596085],0.51630257744348,"['parametric', 0.9026698470115662, 0.42481744289398193]","['parametric', 0.8108757734298706, 0.09908763319253922]","['t-student', -0.42639482413120056, 0.6810617803469395]",0.6810617803469395,0.1668134906616774,1,-0.0
chr17:41277214,[ 1.49249636 -0.6429246  -1.03102474  0.46464358 -0.28319058],[ 0.04735739 -0.11705341 -0.79784303 -0.29348188  0.56218716],-0.11976675341824719,"['parametric', 0.9453223943710327, 0.7037683129310608]","['parametric', 0.9894360899925232, 0.9776815176010132]","['t-student', 0.23994263712244365, 0.8164085203444642]",0.8164085203444642,0.08809247147277799,1,-0.0
chr3:37035097,[ 1.15766269  0.19296051 -1.60337792  0.02682809  0.22592662],[ 1.537501   -0.15333502 -0.89222655 -0.20756227  0.74164763],0.20520495912340708,"['parametric', 0.8865640163421631, 0.3401208221912384]","['parametric', 0.9535189270973206, 0.7622876763343811]","['t-student', -0.3336320434269006, 0.7472338779165111]",0.7472338779165111,0.1265434463889548,1,-0.0
chr2:47630237,[-1.26379482  1.40260969 -0.2337122  -0.38636267  0.48126   ],[-0.1355906  -0.93754275 -1.07543338 -1.63912924 -0.40859381],-0.8392579569446467,"['parametric', 0.9816911220550537, 0.9434605836868286]","['parametric', 0.9713889956474304, 0.8840917348861694]","['t-student', 1.617272683934423, 0.14448110094578004]",0.14448110094578004,0.8401889576946375,1,-0.0
chr7:6048968,[ 0.59430399 -0.69187442  0.01256965  1.30034418 -1.21534339],[-0.07028016 -0.6502706  -1.18189593 -0.81391676 -0.68514118],-0.6803009256329416,"['parametric', 0.9825336337089539, 0.9477041959762573]","['parametric', 0.9428521990776062, 0.6861675977706909]","['t-student', 1.4120173772537725, 0.19563866561183518]",0.19563866561183518,0.7085453080230771,1,-0.0
chr15:89787260,[-0.72015793  0.84540279 -0.72015793 -0.72015793  1.31507101],[ 0.32802865 -0.36722806 -0.72015793 -0.02632988 -0.72015793],-0.30116903345591106,"['non-parametric', 0.7487066388130188, 0.0289523433893919]","['parametric', 0.9030396938323975, 0.42691347002983093]","['wilcoxon', 13.0, 1.0]",1.0,-0.0,1,-0.0
chr2:47630240,[-0.2587359   0.27255877 -1.16703674  1.53364444 -0.38043057],[ 0.17547254 -0.37167906 -0.7839614  -0.45181397  1.50249985],0.014103591729412335,"['parametric', 0.9531462788581848, 0.7596355080604553]","['parametric', 0.8607688546180725, 0.2310219556093216]","['t-student', -0.023434201149751227, 0.9818779006908636]",0.9818779006908636,0.007942514609280592,1,-0.0
chr15:89787034,[-0.4472136   1.78885438 -0.4472136  -0.4472136  -0.4472136 ],[ 0.53279151  0.21154502  0.30879034 -0.4472136   0.39725889],0.2006344311284561,"['non-parametric', 0.5521817207336426, 0.00013097839837428182]","['parametric', 0.8348783850669861, 0.15125517547130585]","['wilcoxon', 7.0, 0.26520539259150755]",0.26520539259150755,0.5764176493889677,1,-0.0
chr17:59941133,[ 0.07364173  0.09898151 -1.14011636  1.53657437 -0.56908125],[-0.39232565  0.62318527 -1.31638467 -1.93009934 -1.05704073],-0.8145330228611393,"['parametric', 0.941169261932373, 0.6742165088653564]","['parametric', 0.9700360298156738, 0.8754847645759583]","['t-student', 1.3042593859007954, 0.2284166106811829]",0.2284166106811829,0.6412723169547794,1,-0.0
chr10:89619506,"[-4.00907997e-01  1.14345013e-01  1.47623608e-03 -1.23323978e+00
  1.51832653e+00]",[-1.16675364 -0.70093953 -2.17654914 -0.98774953 -0.76891652],-1.1601816724157978,"['parametric', 0.9537090063095093, 0.7636396288871765]","['parametric', 0.8126279711723328, 0.10229445993900299]","['t-student', 2.2272566558414955, 0.0565384419874944]",0.0565384419874944,1.2476561634014471,1,-0.0
chr16:23652911,[ 1.29327158 -1.39928768 -0.39342447  0.03765976  0.46178081],[ 3.64002701  0.8389245  -0.56479376  2.55159788 -0.14195867],1.26475939117199,"['parametric', 0.9959969520568848, 0.9959056377410889]","['parametric', 0.9267008900642395, 0.574052095413208]","['t-student', -1.37974778822108, 0.20499733755441285]",0.20499733755441285,0.68825177939759,1,-0.0
chr3:37034409,[ 1.64778741 -0.86883401 -0.68158069  0.12542736 -0.22280006],[ 0.06209512 -0.66221838 -0.48298402 -1.08108949 -0.80729366],-0.5942980858374177,"['parametric', 0.8718189597129822, 0.2738674581050873]","['parametric', 0.9619145393371582, 0.8212486505508423]","['t-student', 1.2220249757949693, 0.25648042547206157]",0.25648042547206157,0.5909457745438322,1,-0.0
chr11:108093451,[ 0.81816853 -1.31607601  0.7360822  -0.23817473],[ 0.11737182 -1.0512814  -1.31607601 -0.99270562 -0.46510131],-0.7415585036292593,"['parametric', 0.8843780159950256, 0.3576716482639313]","['parametric', 0.9186839461326599, 0.5214853882789612]","['t-student', 1.4099029481704624, 0.20141799454664494]",0.20141799454664494,0.6959017324754917,1,-0.0
chr17:59940975,[ 1.2999087  -0.0150411   0.5864132  -1.26372938 -0.60755142],[-1.17267676  1.76962704 -1.92015524 -1.92015524  2.01468427],-0.24573518556445623,"['parametric', 0.9920856356620789, 0.9864637851715088]","['parametric', 0.7859647870063782, 0.06196419894695282]","['t-student', 0.24799121407455987, 0.8103879914732208]",0.8103879914732208,0.09130700308158166,1,-0.0
chr6:43543613,[ 0.51740436 -0.77500616 -1.05670088 -0.10157973  1.41588241],[-1.05670088  0.25084465 -0.2611119   1.03313685  0.70237116],0.13370797758539282,"['parametric', 0.9558113217353821, 0.7785571217536926]","['parametric', 0.9670273661613464, 0.8558539748191833]","['t-student', -0.23068487563453663, 0.8233496004067169]",0.8233496004067169,0.0844157209372225,1,-0.0
chr3:37034359,[ 0.48152288  0.76018656  0.88942709 -1.31884688 -0.81228965],[-1.63438976 -1.14025482 -2.29324031 -1.4667853  -0.77263701],-1.4614614400159658,"['parametric', 0.853072464466095, 0.2044268697500229]","['parametric', 0.982508659362793, 0.9475799798965454]","['t-student', 2.839143288782566, 0.021840733699122757]",0.021840733699122757,1.6607327764009887,1,-0.0
chr17:59940970,[-0.90568279  0.28144017  0.26015308  1.39994664 -1.03585709],[-0.35111398  3.0505355  -2.65972623  7.48945594 -0.63752076],1.3783260925050507,"['parametric', 0.9076895117759705, 0.4538310170173645]","['parametric', 0.9181321859359741, 0.517962634563446]","['t-student', -0.7502509096063555, 0.47458826930058085]",0.47458826930058085,0.3236830007183196,1,-0.0
chr2:128051743,[ 0.1625241   0.32381714 -0.00209456  1.12745261 -1.61169929],[-0.24554728 -0.35930631 -0.5799923  -0.50959346  0.8692063 ],-0.1650466090174309,"['parametric', 0.9017496109008789, 0.4196309745311737]","['non-parametric', 0.7506994009017944, 0.030209902673959732]","['wilcoxon', 17.0, 0.42063492063492064]",0.42063492063492064,0.37609467551677384,1,-0.0
chr16:23652860,[ 0.33089723  0.65424429 -1.73989992  0.1031625   0.6515959 ],[-1.02498186 -0.78667583 -0.67386825  0.4220123  -0.13848346],-0.4403994199081714,"['non-parametric', 0.7427096962928772, 0.025442687794566154]","['parametric', 0.9254366159439087, 0.5655996203422546]","['wilcoxon', 18.0, 0.30952380952380953]",0.30952380952380953,0.5093059380910636,1,-0.0
chr22:29138238,[-0.73029674  1.09544512 -0.73029674 -0.73029674  1.09544512],[-0.73029674 -0.73029674 -0.73029674],-0.7302967433402214,"['non-parametric', 0.6840287446975708, 0.006469968240708113]","['parametric', 1.0, 1.0]","['wilcoxon', 10.5, 0.32412658775761904]",0.32412658775761904,0.4892853427943356,1,-0.0
chr2:47630224,[ 1.26230017 -0.29394658  0.8002691  -1.12488352 -0.64373917],[2.502445   1.49543863 0.64435534 1.71347051 1.40139747],1.5514213912488724,"['parametric', 0.936193585395813, 0.6391676068305969]","['parametric', 0.9649944305419922, 0.8422585129737854]","['t-student', -2.8861179230949388, 0.020319835287313338]",0.020319835287313338,1.6920798167670967,1,-0.0
chr3:37034414,[ 0.50923529  0.79336089 -0.18626533 -1.66574519  0.54941434],[ 0.40853132  0.2312453  -0.69187791 -1.2121998   1.65955798],0.07905137793356251,"['parametric', 0.8208198547363281, 0.11847872287034988]","['parametric', 0.9664921164512634, 0.8522981405258179]","['t-student', -0.11856043666584742, 0.9085465622288054]",0.9085465622288054,0.04165281056744541,1,-0.0
chr17:59940988,[-1.09695484 -0.70674342  0.79355724 -0.25561283  1.26575385],[-1.35677093 -0.48420796 -1.21414239  2.9893629  -2.26008502],-0.46516868004959966,"['parametric', 0.9336017370223999, 0.6211291551589966]","['parametric', 0.8289211988449097, 0.13654948770999908]","['t-student', 0.459328786772023, 0.6582217244216585]",0.6582217244216585,0.18162778803868151,1,-0.0
chr17:56770069,[-0.4472136  -0.4472136  -0.4472136  -0.4472136   1.78885438],[ 2.2182979  -0.4472136   0.26642512 -0.4472136  -0.4472136 ],0.22861644701618183,"['non-parametric', 0.5521817207336426, 0.00013097839837428182]","['non-parametric', 0.7088532447814941, 0.011825613677501678]","['wilcoxon', 10.0, 0.6072355437741112]",0.6072355437741112,0.21664281548349737,1,-0.0
chr2:47596942,[-0.25460069  1.28486943 -1.43988177  0.45693555 -0.04732252],[ 4.82749235  0.73311228  0.44385247 -1.57915975  0.69949114],1.0249576962989817,"['parametric', 0.9827876687049866, 0.9489617943763733]","['parametric', 0.8604229688644409, 0.22977086901664734]","['t-student', -0.9029591137580776, 0.39292343584225986]",0.39292343584225986,0.4056920670053686,1,-0.0
chr17:56770018,[ 0.5476954  -0.68654775 -0.68654775  1.51194785 -0.68654775],[-0.68654775 -0.68654775 -0.68654775 -0.68654775 -0.68654775],-0.6865477500879658,"['non-parametric', 0.7736112475395203, 0.04852908477187157]","['parametric', 1.0, 1.0]","['wilcoxon', 17.5, 0.17971249487899976]",0.17971249487899976,0.7454217266286194,1,-0.0
chr2:47630292,[-0.9872701  -1.07514515  0.50515078  1.2267656   0.33049887],[-1.12522166 -1.46988184 -1.36317267 -1.08597573 -0.79607621],-1.168065622932517,"['parametric', 0.8931675553321838, 0.37328198552131653]","['parametric', 0.9596139192581177, 0.8052921891212463]","['t-student', 2.526142191490415, 0.03546786959379689]",0.03546786959379689,1.450164896993093,1,-0.0
chr2:128051704,[-1.08272354  0.47373424  0.85081421 -1.08272354  0.84089863],[ 2.1994568  -0.58191403 -0.66915538  1.11860465  0.91252286],0.5959029812734384,"['non-parametric', 0.7650917768478394, 0.0408165268599987]","['parametric', 0.9049554467201233, 0.4378771185874939]","['wilcoxon', 6.0, 0.20869044313696405]",0.20869044313696405,0.6804974387539716,1,-0.0
chr17:41277174,[ 1.46809523 -0.40688039 -0.60961517  0.55058375 -1.00218342],[ 0.23826055 -0.05483115 -1.62077582 -1.12674254 -0.30943158],-0.5747041091006772,"['parametric', 0.9233959317207336, 0.5520797371864319]","['parametric', 0.9301773309707642, 0.5975803136825562]","['t-student', 1.0158983762535063, 0.3394137848743496]",0.3394137848743496,0.4692705233227302,1,-0.0
chr11:108093579,[ 1.5 -0.5 -0.5 -0.5],[ 0.9214876   0.46901408 -0.5         0.63719008  0.11759425],0.3290572050789226,"['non-parametric', 0.6297762393951416, 0.001240724348463118]","['parametric', 0.9563600420951843, 0.7824370265007019]","['wilcoxon', 6.5, 0.4427708739877678]",0.4427708739877678,0.3538209552784668,1,-0.0
chr3:37034441,[ 0.60345608 -0.87191307 -1.25036424  1.04118061  0.47764061],[-1.62750757 -1.24151409 -0.21187826 -1.20901761  1.69586988],-0.5188095295886596,"['parametric', 0.8827970623970032, 0.32217860221862793]","['parametric', 0.8355739116668701, 0.15305443108081818]","['t-student', 0.6924569543825352, 0.5082480023348819]",0.5082480023348819,0.29392431967790705,1,-0.0
chr7:6048966,[-1.43522947  1.04676997  0.82242227 -0.02482419 -0.40913858],[-0.81189045 -0.80303344 -1.31399337  0.06665795 -0.30456123],-0.6333641076854519,"['parametric', 0.9475891590118408, 0.719958484172821]","['parametric', 0.9640990495681763, 0.836198091506958]","['t-student', 1.2515442552471132, 0.24609123473963335]",0.24609123473963335,0.6089038546921683,1,-0.0
chr11:108093439,[ 1.5 -0.5 -0.5 -0.5],[ 3.38059701 -0.00617284 -0.5         1.01515152  0.77388535],0.9326922081778392,"['non-parametric', 0.6297762393951416, 0.001240724348463118]","['parametric', 0.8913048505783081, 0.3637069761753082]","['wilcoxon', 5.5, 0.3061360394008035]",0.3061360394008035,0.5140855407340054,1,-0.0
chr2:47596912,[-0.96651648  1.03091018 -1.15686302  0.73061662  0.3618527 ],[ 6.32304438 -0.50388893  0.53050409 -1.61255019  0.52031965],1.0514858026755405,"['parametric', 0.8683443069458008, 0.25978392362594604]","['parametric', 0.8059933185577393, 0.090598925948143]","['t-student', -0.7268137205050716, 0.48805951555159666]",0.48805951555159666,0.3115272154980441,1,-0.0
chr3:37034346,[-0.73245232  1.65981806 -0.20115063 -0.81275287  0.08653776],[-0.22931941  0.18431828  0.18608724  0.06107652 -0.12127812],0.016176902585522783,"['parametric', 0.8473563194274902, 0.18630576133728027]","['parametric', 0.8848944306373596, 0.3320814073085785]","['t-student', -0.035562998190458744, 0.9725021674137393]",0.9725021674137393,0.012109422089886485,1,-0.0
chr7:6048904,[-0.72338054 -0.72338054  1.27924138  0.89090025 -0.72338054],[-0.72338054 -0.72338054 -0.72338054 -0.72338054  0.18670702],-0.5413630309565283,"['non-parametric', 0.7401537299156189, 0.02406526915729046]","['non-parametric', 0.5521818399429321, 0.0001309789950028062]","['wilcoxon', 16.0, 0.440686016488678]",0.440686016488678,0.3558707299714858,1,-0.0
chr10:89619510,[ 0.93099238 -1.32151345 -0.76038256  0.84599216  0.30491147],[-1.13451297 -0.36883399  0.19357247 -0.18215668 -1.07156014],-0.5126982619923378,"['parametric', 0.8881351947784424, 0.3478131592273712]","['parametric', 0.9069518446922302, 0.44949138164520264]","['t-student', 0.9933557186631508, 0.3496281376282068]",0.3496281376282068,0.45639362316313464,1,-0.0
chr17:56769883,[-0.4472136   1.78885438 -0.4472136  -0.4472136  -0.4472136 ],[-0.4472136  -0.4472136   0.91796475  0.49944292  0.52791379],0.21017885427278213,"['non-parametric', 0.5521817207336426, 0.00013097839837428182]","['parametric', 0.8424831628799438, 0.1719035804271698]","['wilcoxon', 9.0, 0.4801768899060772]",0.4801768899060772,0.31859874562798135,1,-0.0
chr3:37034418,[ 0.87943628 -1.52252125  0.21876963 -0.4085834   0.83289875],[-1.6033052  -0.55583448 -4.19062171 -2.05912024  0.31023359],-1.6197296069254594,"['parametric', 0.8987793922424316, 0.403175950050354]","['parametric', 0.9649839401245117, 0.8421876430511475]","['t-student', 1.830497980385227, 0.1045572855998187]",0.1045572855998187,0.9806456999523999,1,-0.0
chr15:89787212,[-0.57735027 -0.57735027  1.15470054],[-0.24966498 -0.12830006 -0.57735027 -0.57735027  0.02886751],-0.30075961320217487,"['non-parametric', 0.75, -9.106917104872991e-07]","['parametric', 0.8891701698303223, 0.35294783115386963]","['wilcoxon', 7.0, 1.0]",1.0,-0.0,1,-0.0
chr22:29138185,[ 0.16993572 -0.57176631 -1.24826377  0.2231182   1.42697617],[-0.36982677 -1.24826377 -0.57945378],-0.7325147742240034,"['parametric', 0.9701492786407471, 0.8762108683586121]","['parametric', 0.9165220260620117, 0.44021084904670715]","['t-student', 1.1685142140140905, 0.286922011794897]",0.286922011794897,0.542236132707786,1,-0.0
chr3:37035090,[-0.81679539  0.8164114  -0.08315187  1.19413818 -1.11060232],[ 0.39459199  0.1421486  -0.852027   -1.51414585 -0.39127922],-0.44414229760268586,"['parametric', 0.9273802042007446, 0.5786173343658447]","['parametric', 0.9637988209724426, 0.8341566324234009]","['t-student', 0.7875256916519686, 0.45367235083674173]",0.45367235083674173,0.343257688102148,1,-0.0
chr2:47596885,[-0.54260921  0.73743198 -1.50228211  0.49531117  0.81214817],[ 6.15376447  0.87024133 -0.36565511 -1.08942536  0.2977837 ],1.1733418056912166,"['parametric', 0.8530479669570923, 0.20434628427028656]","['parametric', 0.7883961796760559, 0.06495844572782516]","['t-student', -0.8608949236912432, 0.41435161141374866]",0.41435161141374866,0.38263096784540884,1,-0.0
chr6:43543804,[ 0.50072511 -0.57812129 -1.21322625 -0.09976565  1.39038808],[-0.00182236 -0.48638391 -0.62256431 -1.21322625 -1.21322625],-0.7074446137478407,"['parametric', 0.9908754229545593, 0.9826687574386597]","['parametric', 0.9023336172103882, 0.4229176640510559]","['t-student', 1.405697150692695, 0.19744167854579178]",0.19744167854579178,0.7045611654868227,1,-0.0
chr3:142298019,[ 1.29708493  0.33950992 -1.01270208 -1.01270208  0.38880931],[ 0.3691803   0.19941588  0.18966694  0.12663282 -0.12069041],0.15284110547208657,"['parametric', 0.8774479627609253, 0.2979058623313904]","['parametric', 0.9357923865318298, 0.6363646388053894]","['t-student', -0.33651100657941807, 0.7451426446241431]",0.7451426446241431,0.12776058115351147,1,-0.0
chr17:41277160,[ 1.71738409 -0.85057758 -0.32515132 -0.07757759 -0.46407759],[-0.15640712  0.28028442 -0.45795534 -0.24770912  0.65805089],0.01525274547830795,"['parametric', 0.810048520565033, 0.09760350733995438]","['parametric', 0.9373395442962646, 0.6471952795982361]","['t-student', -0.031115182253047474, 0.9759399464891311]",0.9759399464891311,0.010576905397656995,1,-0.0
chr6:43543794,[-1.03736233  0.00390091  1.63169851 -0.09604177 -0.50219531],[-1.03736233  1.30547996 -0.07674363 -1.03736233  0.66308772],-0.036580122940263096,"['parametric', 0.8988122344017029, 0.4033554792404175]","['parametric', 0.9012689590454102, 0.4169389307498932]","['t-student', 0.056799092916101565, 0.9560982473486782]",0.9560982473486782,0.019497477923638058,1,-0.0
chr15:89787032,[-0.13245243  0.1172524  -1.49622492  1.29784555  0.2135794 ],[-0.43551298 -0.07020555 -0.95071592  1.12721529 -0.88687976],-0.2432197839951212,"['parametric', 0.9414501190185547, 0.676207959651947]","['parametric', 0.8709104061126709, 0.27012982964515686]","['t-student', 0.41529483336812006, 0.6888408809740487]",0.6888408809740487,0.16188108650417687,1,-0.0
chr6:43543701,[-1.17082595  1.35494814 -0.76530497  0.15148043  0.42970236],[-4.31656277 -3.5182912  -5.60429364 -4.51897351 -0.75668009],-3.74296024165083,"['parametric', 0.9674251079559326, 0.85848468542099]","['parametric', 0.8975828886032104, 0.39667078852653503]","['t-student', 4.01701797352682, 0.0038571460258683752]",0.0038571460258683752,2.413733919073192,0.9874293826223041,0.005493953761342425
chr3:37034382,[ 0.39817456 -0.50550062 -0.72484354  1.58104722 -0.74887761],[-1.26533505 -0.95510685  0.09258665 -0.54024093  0.91252772],-0.3511136897581027,"['parametric', 0.8277461528778076, 0.13379402458667755]","['parametric', 0.954192578792572, 0.7670774459838867]","['t-student', 0.5922212015298256, 0.5700574860067813]",0.5700574860067813,0.2440813467894732,1,-0.0
chr16:23652783,[ 0.94732009 -0.00563618 -0.53284977 -1.3738296   0.96499546],[-1.10782551  1.05272934 -1.29949967 -0.37794763  0.19564475],-0.3073797441579661,"['parametric', 0.9136766791343689, 0.4899972081184387]","['parametric', 0.9447935819625854, 0.6999958753585815]","['t-student', 0.4943315473260007, 0.6343590284503895]",0.6343590284503895,0.19766487470136493,1,-0.0
chr6:43543615,[ 1.5716361  -0.77705605 -0.84993424 -0.29030373  0.34565791],[-1.4810594   0.69244114 -1.04023011 -0.61258803 -1.4810594 ],-0.7844991573775567,"['parametric', 0.8840221166610718, 0.32793617248535156]","['parametric', 0.8428272008895874, 0.17288973927497864]","['t-student', 1.3032791144396942, 0.22873519104409096]",0.22873519104409096,0.640667013790583,1,-0.0
chr2:47596830,[ 0.38331523 -0.43416254 -1.46125919  0.31670095  1.19540555],[ 4.08538219  0.75662078  1.01424423 -1.5807833   0.21813877],0.8987205358161132,"['parametric', 0.9633718132972717, 0.8312457799911499]","['parametric', 0.9325637221336365, 0.6139546036720276]","['t-student', -0.8812789777903516, 0.40386586997406215]",0.40386586997406215,0.39376284677610207,1,-0.0
chr2:128051709,[ 1.7452341  -0.16719537 -0.39943296 -0.7791728  -0.39943296],[-0.03960457 -0.08712356 -0.45224446 -0.17221158  0.32251664],-0.08573350672512017,"['non-parametric', 0.7515787482261658, 0.03078002855181694]","['parametric', 0.9631030559539795, 0.8294093012809753]","['wilcoxon', 9.0, 0.5296192990034517]",0.5296192990034517,0.27603619785461786,1,-0.0
chr16:23652797,[ 1.07616887  0.50177542 -1.46853188 -0.51704298  0.40763057],[-1.23291927 -1.23625215 -2.79546132 -1.22790312  1.90767177],-0.9169728199473951,"['parametric', 0.9381958842277527, 0.6532129645347595]","['parametric', 0.828727662563324, 0.1360924243927002]","['t-student', 1.0314865289875563, 0.33248545097809323]",0.33248545097809323,0.47822735396440785,1,-0.0
chr3:37034412,[-0.68479768  1.13682218 -1.17948154 -0.17613901  0.90359605],[-0.35162518 -0.98078813 -0.63060128 -2.07601328  1.01761472],-0.6042826289039309,"['parametric', 0.9243676662445068, 0.5584979057312012]","['parametric', 0.974503219127655, 0.9032895565032959]","['t-student', 0.9006699142764825, 0.3940686189696575]",0.3940686189696575,0.4044281481106621,1,-0.0
chr17:56769956,[-0.5 -0.5 -0.5  1.5],[-0.24820144 -0.5        -0.5         0.06451613 -0.5       ],-0.3367370619633324,"['non-parametric', 0.6297762393951416, 0.001240724348463118]","['non-parametric', 0.7639376521110535, 0.039859190583229065]","['wilcoxon', 9.5, 1.0]",1.0,-0.0,1,-0.0
chr15:89787048,[ 1.78885438 -0.4472136  -0.4472136  -0.4472136  -0.4472136 ],[ 1.30275265  1.10509806  1.34164079 -0.4472136   1.57246071],0.9749477207640256,"['non-parametric', 0.5521817207336426, 0.00013097839837428182]","['non-parametric', 0.7422810196876526, 0.025206904858350754]","['wilcoxon', 7.0, 0.26520539259150755]",0.26520539259150755,0.5764176493889677,1,-0.0
chr6:43543747,[ 0.30517102 -0.6451797  -0.6451797  -0.6451797   1.63036809],[-0.04387755  0.06845363 -0.50022293 -0.09483536 -0.13783101],-0.14166264295369058,"['non-parametric', 0.7584624886512756, 0.03558133542537689]","['parametric', 0.8700688481330872, 0.26670265197753906]","['wilcoxon', 10.0, 0.6723358083659552]",0.6723358083659552,0.17241375775970058,1,-0.0
chr2:47596840,[ 0.27709412  0.5060967  -1.77795987  0.57208711  0.42268194],[7.02470585 2.15435885 1.18509253 0.63810126 0.53767175],2.307986047930421,"['non-parametric', 0.6538383960723877, 0.0029540355317294598]","['non-parametric', 0.7428082227706909, 0.025497179478406906]","['wilcoxon', 1.0, 0.015873015873015872]",0.015873015873015872,1.7993405494535817,1,-0.0
chr22:29138216,[-0.65895163 -0.65895163 -0.65895163  1.59808743  0.37876747],[-0.65895163  0.7972026   1.36984752],0.5026994962252046,"['non-parametric', 0.766133189201355, 0.04169759526848793]","['parametric', 0.9405431747436523, 0.5295601487159729]","['wilcoxon', 5.5, 0.6337370592181915]",0.6337370592181915,0.19809089577302388,1,-0.0
chr2:47596897,[-0.46747673  0.63747276 -1.45318489  1.11066843  0.17252042],[ 5.62481591  1.1791111   0.82192906 -1.03003709  0.4011593 ],1.3993956586708904,"['parametric', 0.9709424376487732, 0.8812676072120667]","['parametric', 0.8458346128463745, 0.18170715868473053]","['t-student', -1.1594434846343675, 0.2797086374913432]",0.2797086374913432,0.5532941222702035,1,-0.0
chr10:89619550,[-0.798246    1.31551918  0.74889315 -1.000359   -0.26580733],[ 0.15485553 -0.51034951 -0.4437752   0.94497867  0.71522442],0.17218678097293466,"['parametric', 0.914548933506012, 0.4954030513763428]","['parametric', 0.8948917984962463, 0.38229966163635254]","['t-student', -0.3214750739119083, 0.7560889029347434]",0.7560889029347434,0.12142713600149331,1,-0.0
chr3:37034316,[-0.19400392  1.57853005  0.16203433 -1.1257186  -0.42084187],[-1.30554823 -2.11333532 -0.02641222 -1.40895171 -0.44080004],-1.0590095035685594,"['parametric', 0.9389929175376892, 0.658827006816864]","['parametric', 0.9575190544128418, 0.7906104922294617]","['t-student', 1.823808072530214, 0.10563432453143873]",0.10563432453143873,0.976194940396689,1,-0.0
chr3:37034369,[ 0.17215993  0.47858145  1.06099941 -1.61434674 -0.09739405],[ 1.3307226  -0.47237859 -1.46535693 -1.50536018 -0.51780256],-0.5260351310916823,"['parametric', 0.9188731908798218, 0.5226969122886658]","['parametric', 0.8530175685882568, 0.20424635708332062]","['t-student', 0.7717515410377043, 0.4624470033965702]",0.4624470033965702,0.3349380303870191,1,-0.0
chr3:37034997,[-0.96908161  1.37065155 -0.60685505 -0.5269808   0.7322659 ],[ 0.08278708  0.50464542 -0.79821523 -0.59564005 -0.72743988],-0.3067725337471681,"['parametric', 0.8819921016693115, 0.3184360861778259]","['parametric', 0.8587590456008911, 0.22382710874080658]","['t-student', 0.5952498345449289, 0.568128294813742]",0.568128294813742,0.2455535807712021,1,-0.0
chr11:108093402,[ 1.5 -0.5 -0.5 -0.5],[-0.5         1.00364964  0.21116226  1.66516517  1.44645669],0.7652867497162197,"['non-parametric', 0.6297762393951416, 0.001240724348463118]","['parametric', 0.9318482279777527, 0.6090275645256042]","['wilcoxon', 5.5, 0.3061360394008035]",0.3061360394008035,0.5140855407340054,1,-0.0
chr15:89787182,[ 0.65208631 -0.70064593 -0.70064593 -0.70064593  1.44985147],[ 0.96013424  0.0318379  -0.70064593  0.02236613 -0.70064593],-0.07739071561671144,"['non-parametric', 0.7707088589668274, 0.04576952010393143]","['parametric', 0.874539852142334, 0.28529617190361023]","['wilcoxon', 12.0, 1.0]",1.0,-0.0,1,-0.0
chr15:89787304,[-0.4472136   1.78885438 -0.4472136  -0.4472136  -0.4472136 ],[-0.25783976 -0.4472136  -0.13295539 -0.4472136  -0.4472136 ],-0.34648718800571626,"['non-parametric', 0.5521817207336426, 0.00013097839837428182]","['non-parametric', 0.7725293636322021, 0.047483891248703]","['wilcoxon', 11.0, 0.7971696931337416]",0.7971696931337416,0.09844922070282902,1,-0.0
chr3:37034394,[ 1.50586261 -0.75000639  0.4567666  -0.27015265 -0.94247018],[-1.3906306   0.33918843 -0.25617102 -0.06983568 -0.78064774],-0.43161932351193827,"['parametric', 0.9201845526695251, 0.5311309099197388]","['parametric', 0.971295952796936, 0.8835045695304871]","['t-student', 0.8016809854329562, 0.4458944604851427]",0.4458944604851427,0.35076792302083193,1,-0.0
chr6:43543657,[ 0.03292879 -0.306972   -0.71277193 -0.71277193  1.69958708],[ 0.8592458   0.23043871  0.43020166 -0.71277193  0.55167711],0.27175827085432835,"['parametric', 0.7950671315193176, 0.07382500171661377]","['parametric', 0.8873504400253296, 0.34395554661750793]","['t-student', -0.5220521050110695, 0.615776628599678]",0.615776628599678,0.21057679848382982,1,-0.0
chr11:108093560,[-0.85488937 -0.85488937  1.05066557  0.65911318],[-0.75101514 -0.85488937 -0.6911528  -0.55346523 -0.18370201],-0.6068449095755396,"['parametric', 0.8127124905586243, 0.12704233825206757]","['parametric', 0.8986379504203796, 0.40240323543548584]","['t-student', 1.3233023352721185, 0.22731828439067314]",0.22731828439067314,0.6433656303084412,1,-0.0
chr3:37034438,[-0.38286763 -0.89307984  0.33501717  1.58870246 -0.64777216],[-0.31950457 -1.11964859 -1.06041006 -0.06391425  0.71869288],-0.3689569187555261,"['parametric', 0.8899054527282715, 0.35662785172462463]","['parametric', 0.9217015504837036, 0.5409756898880005]","['t-student', 0.6563384600771018, 0.5300280851714296]",0.5300280851714296,0.27570111735804975,1,-0.0
chr17:56769912,[ 1.78885438 -0.4472136  -0.4472136  -0.4472136  -0.4472136 ],[ 1.46521296  2.47918409  1.09082258 -0.4472136  -0.4472136 ],0.8281584891756107,"['non-parametric', 0.5521817207336426, 0.00013097839837428182]","['parametric', 0.8973905444145203, 0.39563149213790894]","['wilcoxon', 8.0, 0.34652171170610724]",0.34652171170610724,0.46026954899229555,1,-0.0
chr6:43543698,[-0.66947098  1.56925716 -0.66947098 -0.66947098  0.43915578],[-0.66947098  1.9277052   1.39897358 -0.66947098  2.75495391],0.9485381467353411,"['non-parametric', 0.7704668045043945, 0.045545704662799835]","['parametric', 0.8722557425498962, 0.27567818760871887]","['wilcoxon', 8.0, 0.3727480704181131]",0.3727480704181131,0.4285845960545383,1,-0.0
chr17:59941202,[ 0.57940305  1.19558916 -0.75099879  0.24516187 -1.26915529],[-1.26915529 -1.26915529  0.53075677  4.43056625 -1.26915529],0.23077143051374774,"['parametric', 0.9596864581108093, 0.805798351764679]","['non-parametric', 0.7284646034240723, 0.01857364922761917]","['wilcoxon', 15.5, 0.5900138871633462]",0.5900138871633462,0.229137766243563,1,-0.0
chr17:59941191,[-0.06640787 -0.09462676 -1.15643532  1.60251185 -0.28504191],[-2.5056726  -2.5056726  -2.00587139  2.22996252 -2.85941878],-1.529334570451898,"['parametric', 0.8896963596343994, 0.3555786907672882]","['non-parametric', 0.6804911494255066, 0.005919460207223892]","['wilcoxon', 20.0, 0.14245669739409875]",0.14245669739409875,0.8463171282221429,1,-0.0
chr17:59941136,[ 1.39195327 -0.38925492  0.15201197 -1.3587517   0.20404137],[ 1.11692274 -3.55835969  2.31616446 -0.63406268  2.81290539],0.41071404502304604,"['parametric', 0.9716287851333618, 0.8856012225151062]","['parametric', 0.9149131774902344, 0.49767088890075684]","['t-student', -0.33125816959368476, 0.7489599004421712]",0.7489599004421712,0.12554143394657669,1,-0.0
chr11:108093567,[-0.5 -0.5 -0.5  1.5],[ 1.73776224  0.89941691 -0.5         0.05267703 -0.20093458],0.3977843194609891,"['non-parametric', 0.6297762393951416, 0.001240724348463118]","['parametric', 0.9224954843521118, 0.5461647510528564]","['wilcoxon', 5.5, 0.3061360394008035]",0.3061360394008035,0.5140855407340054,1,-0.0
chr17:56769895,[-0.4472136  -0.4472136   1.78885438 -0.4472136  -0.4472136 ],[-0.4472136   0.29320626  0.73589115  2.84112167 -0.4472136 ],0.5951583787256952,"['non-parametric', 0.5521817207336426, 0.00013097839837428182]","['parametric', 0.8332487344741821, 0.147107794880867]","['wilcoxon', 8.0, 0.34652171170610724]",0.34652171170610724,0.46026954899229555,1,-0.0
chr6:43543705,[ 0.50319051  1.44411134 -0.90644181 -0.90644181 -0.13441824],[-0.90644181 -0.90644181 -0.19687408  4.49112467 -0.90644181],0.314985035528062,"['parametric', 0.9048753976821899, 0.4374154210090637]","['non-parametric', 0.6370244026184082, 0.0018605953082442284]","['wilcoxon', 15.0, 0.6558364965906589]",0.6558364965906589,0.18320441897665946,1,-0.0
chr2:47630265,[-0.7288529   1.18216385 -0.7288529  -0.7288529   1.00439485],[ 7.43539124  3.37369681  3.7238433  -0.7288529   5.16476052],3.7937677928903843,"['non-parametric', 0.712735652923584, 0.01295339036732912]","['parametric', 0.9593683481216431, 0.8035781383514404]","['wilcoxon', 3.5, 0.06695528231736841]",0.06695528231736841,1.1742151544131572,1,-0.0
chr17:56770057,[-0.91302048  1.30967912  0.75022412 -0.91302048 -0.23386227],[-0.6413572  -0.91302048  0.17653815 -0.58961181 -0.91302048],-0.5760943666081331,"['parametric', 0.88241046667099, 0.32037726044654846]","['parametric', 0.806529700756073, 0.09150001406669617]","['t-student', 1.1762006026959677, 0.2733263853002095]",0.2733263853002095,0.5633184420827684,1,-0.0
chr11:108093572,[-0.5  1.5 -0.5 -0.5],[ 1.23809524  0.76956522 -0.5         0.2386172   0.03479853],0.35621523819192236,"['non-parametric', 0.6297762393951416, 0.001240724348463118]","['parametric', 0.9871447086334229, 0.9687700271606445]","['wilcoxon', 6.5, 0.4427708739877678]",0.4427708739877678,0.3538209552784668,1,-0.0
chr17:59941110,[-0.69926237 -0.23462718 -0.01007015  1.69883576 -0.75487606],[-0.58973217  0.76998797  0.36129495 -1.27347716 -1.27347716],-0.4010807164745932,"['parametric', 0.8074610233306885, 0.09308289736509323]","['parametric', 0.8751477003097534, 0.28789815306663513]","['t-student', 0.6545102178308648, 0.531145500848017]",0.531145500848017,0.2747864929307338,1,-0.0
chr7:6048918,[ 0.14669405  0.90023633  0.89219473 -0.47360848 -1.46551662],[-1.40204275 -0.31920014 -1.70176698 -1.66709288 -0.11837344],-1.0416952370661445,"['parametric', 0.9044225811958313, 0.43480977416038513]","['parametric', 0.8142164945602417, 0.10527746379375458]","['t-student', 1.8514543913479253, 0.10125038720107102]",0.10125038720107102,0.9946033072839902,1,-0.0
chr17:59940997,[-0.16822931 -0.57438963 -0.26369422  1.74128172 -0.73496856],[-1.18432377  1.14313258 -0.80098434 -3.59565242 -1.52356012],-1.1922776134384494,"['non-parametric', 0.7602481245994568, 0.03692980855703354]","['parametric', 0.9613332748413086, 0.8172360062599182]","['wilcoxon', 21.0, 0.09523809523809523]",0.09523809523809523,1.021189299069938,1,-0.0
chr22:29138179,[-0.4472136  -0.4472136  -0.4472136  -0.4472136   1.78885438],[-0.4472136 -0.4472136 -0.4472136],-0.4472135954999579,"['non-parametric', 0.5521817207336426, 0.00013097839837428182]","['parametric', 1.0, 1.0]","['wilcoxon', 9.0, 0.6055766163353464]",0.6055766163353464,0.217830902980561,1,-0.0
chr2:47596853,[ 0.09360466 -0.86454153  1.3720368  -0.60109993],[10.64887507 -0.82150411 -1.02711037 -4.84489325 -2.14265852],0.36254176285170514,"['parametric', 0.9104451537132263, 0.4847637116909027]","['parametric', 0.790773868560791, 0.06800686568021774]","['t-student', -0.11852687759988394, 0.9089798127584038]",0.9089798127584038,0.04144576177801431,1,-0.0
chr16:23652906,[-0.94064791  0.9683083   1.11829771 -0.20531019 -0.94064791],[ 0.77855122  1.73189078 -0.08402863  0.21236164  4.20671615],1.3690982323996905,"['parametric', 0.8364946842193604, 0.15546338260173798]","['parametric', 0.8645486831665039, 0.24504460394382477]","['t-student', -1.5315573759581846, 0.16416678439317092]",0.16416678439317092,0.7847147084467253,1,-0.0
chr15:89787087,[-0.03152909 -0.56937831  1.73966403 -0.56937831 -0.56937831],[-0.42943635 -0.38337212 -0.56937831  0.8256681  -0.56937831],-0.2251793994876592,"['non-parametric', 0.6926363706588745, 0.008007654920220375]","['non-parametric', 0.6711586713790894, 0.004664412699639797]","['wilcoxon', 12.0, 1.0]",1.0,-0.0,1,-0.0
chr17:41277187,[ 1.14768756 -0.46379853 -0.68388902],[ 1.15158605  0.18031929 -0.86555792  1.49887619],0.49130590282535913,"['parametric', 0.8386682271957397, 0.21059654653072357]","['parametric', 0.9418092370033264, 0.6653891205787659]","['t-student', -0.6196209779618688, 0.562648300619883]",0.562648300619883,0.2497629885016241,1,-0.0
chr6:43543691,[ 1.62068949 -0.02778494 -1.06858644 -0.04621708 -0.47810103],[-1.06858644 -0.72685524 -0.5175544  -0.53992536 -1.06858644],-0.784301575036562,"['parametric', 0.8987863063812256, 0.40321385860443115]","['parametric', 0.8244259357452393, 0.12625789642333984]","['t-student', 1.6922930504722513, 0.129048818641204]",0.129048818641204,0.8892459667881061,1,-0.0
chr2:47630227,[-1.02386914 -1.03853213  0.24818871  1.1950835   0.61912906],[ 0.33690041 -0.11183638 -0.7310938   0.95847078 -0.39159172],0.012169858268811496,"['parametric', 0.8846367001533508, 0.330852746963501]","['parametric', 0.9740450978279114, 0.900523841381073]","['t-student', -0.02273295372301411, 0.9824200815388501]",0.9824200815388501,0.00770276874731457,1,-0.0
chr17:56769830,[ 1.3284763  -0.28704952 -1.29864045  0.59401355 -0.33679989],[-0.92253613 -0.14063504  0.24536676  0.84268342 -0.85415352],-0.1658549009986608,"['parametric', 0.9709601402282715, 0.8813795447349548]","['parametric', 0.9267426133155823, 0.5743322968482971]","['t-student', 0.29708957770455363, 0.7739659218508803]",0.7739659218508803,0.1112781611232268,1,-0.0
chr3:37035117,[-1.22906771 -0.26405305  0.95806001 -0.55667971  1.09174047],[-0.83433105  0.09938748 -1.04118652 -1.04774161 -0.33289316],-0.6313529721745331,"['parametric', 0.9102092981338501, 0.4688490927219391]","['parametric', 0.8663454055786133, 0.2519388198852539]","['t-student', 1.2619990433935437, 0.2424971602391238]",0.2424971602391238,0.6152933428336749,1,-0.0
chr6:43543548,[-0.19447387  1.2378035   0.6778788  -1.35518663 -0.3660218 ],[-1.88598696  0.31755172 -0.70437926  0.45685589 -0.90131388],-0.5434544992204927,"['parametric', 0.9755104184150696, 0.909294068813324]","['parametric', 0.926755428314209, 0.5744179487228394]","['t-student', 0.875952586010733, 0.40658734867872515]",0.40658734867872515,0.3908461389407227,1,-0.0
chr10:89619580,[-0.63557078  0.59897744  0.2688335   1.13648453 -1.36872469],[-1.05705063 -2.80523407 -1.52441934 -2.98509487 -0.42186934],-1.7587336466898722,"['parametric', 0.963372528553009, 0.8312505483627319]","['parametric', 0.9157650470733643, 0.5029969215393066]","['t-student', 2.6314915425359167, 0.030108378927016902]",0.030108378927016902,1.5213126268188157,1,-0.0
chr15:89786999,[ 0.19362447 -0.62236437  1.67346865 -0.62236437 -0.62236437],[ 0.22954851  0.53536339 -0.2919884   1.49410669  0.10982021],0.4153700808144028,"['non-parametric', 0.7420511245727539, 0.025081247091293335]","['parametric', 0.9210067987442017, 0.5364555716514587]","['wilcoxon', 7.0, 0.2903468336607644]",0.2903468336607644,0.5370829057462276,1,-0.0
chr2:47596930,[-0.77539112  1.29208503 -1.19108711  0.13324405  0.54114915],[ 3.19038112  0.88666192  1.1118923  -0.8058491   0.44956317],0.9665298821309245,"['parametric', 0.9684272408485413, 0.8650665879249573]","['parametric', 0.9460426568984985, 0.7089101076126099]","['t-student', -1.2284056508575705, 0.2542043752527205]",0.2542043752527205,0.5948169788340913,1,-0.0
chr17:59941201,[ 1.15631757 -1.00378672 -0.20184423 -0.87350391  0.92281728],[ 1.55095239  0.06032911  0.05378536  1.29361705 -0.21633719],0.5484693424200918,"['parametric', 0.8735241889953613, 0.280988484621048]","['parametric', 0.8265354633331299, 0.13100366294384003]","['t-student', -0.9527337143997289, 0.3686199321810891]",0.3686199321810891,0.43342118511743943,1,-0.0
chr6:43543763,[-0.84151051 -0.44051858 -0.84151051  1.32153249  0.8020071 ],[-0.84151051 -0.00833839 -0.14558948 -0.84151051 -0.84151051],-0.5356918775036792,"['parametric', 0.8411849737167358, 0.1682240217924118]","['non-parametric', 0.7327622175216675, 0.020447025075554848]","['wilcoxon', 16.0, 0.5038124288130608]",0.5038124288130608,0.2977311228673853,1,-0.0
chr11:108093371,[ 0.79547163  0.93381453 -0.86464308 -0.86464308],[-0.86464308  1.20552395 -0.27538735  2.49032716 -0.3251058 ],0.4461429776574021,"['non-parametric', 0.7622025012969971, 0.04991121217608452]","['parametric', 0.8902751803398132, 0.35848888754844666]","['wilcoxon', 7.0, 0.5333889475196263]",0.5333889475196263,0.27295598767308044,1,-0.0
chr6:43543781,[ 1.29143378  0.70637392 -0.95542477 -0.95542477 -0.08695817],[-0.95542477 -0.95542477 -0.57660407 -0.95542477 -0.95542477],-0.8796606256302985,"['parametric', 0.8972276449203491, 0.3947528004646301]","['non-parametric', 0.5521817207336426, 0.00013097839837428182]","['wilcoxon', 19.0, 0.15793931050013044]",0.15793931050013044,0.8015097622748505,1,-0.0
chr16:23652916,[ 0.18008336  0.48694297  0.63067133 -1.76480147  0.46710381],[ 1.65383887  1.43456478 -1.25304137  1.02086175  2.82019851],1.1352845086576142,"['non-parametric', 0.6940464973449707, 0.008288830518722534]","['parametric', 0.9175581336021423, 0.5143111944198608]","['wilcoxon', 4.0, 0.09523809523809523]",0.09523809523809523,1.021189299069938,1,-0.0
chr3:37034355,[ 1.10184799 -0.22828654 -1.09867336 -0.75387218  0.97898409],[-1.53434386 -1.90655209 -1.42740486  0.06828926 -0.26502642],-1.013007594854312,"['parametric', 0.8843473196029663, 0.32947713136672974]","['parametric', 0.8822746276855469, 0.3197459578514099]","['t-student', 1.715900439670773, 0.12451728230345646]",0.12451728230345646,0.9047703667358488,1,-0.0
chr11:108093386,[ 0.78689482  0.9416938  -0.86429431 -0.86429431],[ 0.3956974  -0.44752782 -0.07533022 -0.60629601 -0.04777221],-0.15624577459155567,"['parametric', 0.7659277319908142, 0.05383574590086937]","['parametric', 0.9524583220481873, 0.7547346949577332]","['t-student', 0.3243221863557768, 0.7551703077055334]",0.7551703077055334,0.12195509425706058,1,-0.0
chr11:108093323,[-0.5  1.5 -0.5 -0.5],[1.85307263 0.32685512 1.6971831  2.00118765 0.57834101],1.2913279020491464,"['non-parametric', 0.6297762393951416, 0.001240724348463118]","['parametric', 0.83286452293396, 0.14614389836788177]","['wilcoxon', 2.0, 0.06168916598092455]",0.06168916598092455,1.2097911012478466,1,-0.0
chr11:108093467,[-0.5  1.5 -0.5 -0.5],[ 0.3185907  -0.5        -0.5         1.15454545  0.6648    ],0.22758723183862523,"['non-parametric', 0.6297762393951416, 0.001240724348463118]","['parametric', 0.9004404544830322, 0.41232457756996155]","['wilcoxon', 8.0, 0.6873218011739946]",0.6873218011739946,0.16283988047708386,1,-0.0
chr6:43543777,[-0.09278547  0.97112273 -0.97482903 -0.97482903  1.07132079],[ 4.41823728  0.07382276 -0.09484152  0.71050419 -0.97482903],0.8265787362311953,"['parametric', 0.836883008480072, 0.15648885071277618]","['parametric', 0.8125253319740295, 0.10210426151752472]","['t-student', -0.7958509963957595, 0.4490868075130323]",0.4490868075130323,0.34766970269379005,1,-0.0
chr7:6048925,[ 0.30579196  1.06440657  0.60139014 -0.50191477 -1.46967391],[-1.43899025 -1.33351554 -2.20983136 -0.62391692 -0.22466131],-1.1661830775224182,"['parametric', 0.9511544704437256, 0.7454333901405334]","['parametric', 0.9690420627593994, 0.8690706491470337]","['t-student', 2.066041443003652, 0.07267471240791896]",0.07267471240791896,1.138616678166423,1,-0.0
